id,score
34566,0.66973804505573
50272,0.6577052625730561
69232,0.8219076995767217
86223,0.7454218479127286
53524,0.727246949501476
42142,0.720381864353384
22559,0.7519606792699908
28141,0.7797336965050442
72186,0.7667662860510917
46468,0.8003359609574652
33307,0.7580993614265642
96701,0.7721115907544293
43458,0.8249465429192345
50885,0.7264634677201113
73557,0.7800108511626626
88932,0.5325676662610941
44717,0.6574759565966002
99278,0.8074069959237483
59988,0.7901036749296501
41296,0.7766319209390368
25715,0.7993241387355275
98187,0.7458373502329859
40635,0.48831439436496477
76486,0.770445260283812
48161,0.7677163750864591
57858,0.7215930564121288
25848,0.8190616801585116
83247,0.7837134382592099
100820,0.7628979612220596
61843,0.842703603999816
47864,0.801093359738644
14338,0.8076812920099303
106760,0.7134430633242143
42892,0.584890406905471
20995,0.5424790366741834
68283,0.799480144390123
66796,0.7382902693327903
1175,0.7859444259476623
55171,0.6952944897408303
1693,0.5092299427900306
54411,0.6279046484191856
73718,0.8047433845825582
99036,0.8038349223630131
29757,0.521811610659858
1352,0.8788797624031404
6970,0.7409215840463256
75513,0.7960672657302477
103376,0.7883040215783081
11566,0.7664758516608893
85724,0.698753595756948
26255,0.768902742178039
83078,0.7518252077606903
22092,0.8170734883158332
31379,0.674085086788654
20478,0.7086833917315325
70444,0.8117232209696965
41587,0.8368286609854328
74822,0.7889139967464325
88815,0.7906468795588796
6351,0.7134864183886203
105177,0.548889786744886
58297,0.7269068083640383
39926,0.7655897475921544
97160,0.49009499263231104
86332,0.6352011344109956
21551,0.7583483519384999
47546,0.7391073434488887
37196,0.778617608965956
19800,0.6588742994559579
67091,0.6200888106609906
90146,0.730777703408913
52084,0.5260986125143039
26000,0.549397648669273
20558,0.8611457412282345
32315,0.755775013658717
95299,0.7309467649804311
57575,0.7856652890877729
57431,0.5157653721905145
15164,0.7829768853580684
47959,0.42612180672383265
36213,0.805597201024933
64598,0.4530986104054103
85180,0.8125356703732591
7330,0.7112316732474964
96758,0.5306639885153837
60760,0.776183859142667
95190,0.6976628925080788
70419,0.6908615468948678
104315,0.7988305498069684
80963,0.8115026256189202
104090,0.8342737914449531
62040,0.8020786706981677
57462,0.7699309319145267
1752,0.8356308835899225
13352,0.7558746453147442
6969,0.7470755761446594
36448,0.5941094416176652
69866,0.7754138494055712
37138,0.6896617128721804
37149,0.8229123807010639
83158,0.7567532318998301
107034,0.6030772814771923
83603,0.7591508683157062
33886,0.36673684923952166
55417,0.7096803627764762
57938,0.8391503362742078
27867,0.4426787417633927
101800,0.8022939961548509
91813,0.7672609287486389
64083,0.7286491783635664
29528,0.8011624894511916
71645,0.8097661979837046
14467,0.7782235560740864
60324,0.8227468274684895
10743,0.8148051437985158
64077,0.793871744505563
92251,0.6464561709432388
15067,0.7392945942402153
20047,0.5447539890295174
54463,0.7033617496033142
8025,0.7831324660793171
27998,0.7840321654763258
91510,0.7244637488939979
49193,0.8141745676317306
5404,0.7715708568829496
98897,0.8039242252907975
46045,0.5411121817995417
95008,0.7025526429290759
43419,0.7682940975681603
58059,0.6614924563005912
10051,0.7898792507086191
95635,0.7542474964324987
89780,0.6307670916671836
98548,0.760903819150745
27466,0.796713714171156
2992,0.6772012428372886
105855,0.7891805256863448
14278,0.6504552995332599
13478,0.7717878838861508
81475,0.6284424348371307
21191,0.7342917315969859
13291,0.3748659851735878
67019,0.7695040874658257
67840,0.7699451408221795
61283,0.7981187541751997
99646,0.5273631496187489
90567,0.8264384600426405
95937,0.7347893671983923
98569,0.7993227869784117
83135,0.7327645461581355
63766,0.7013924415892294
58069,0.7172125905106712
61012,0.5204247576424983
23811,0.5539154654509434
86719,0.6110591401802057
71966,0.3420940469746852
42822,0.741879045124304
41669,0.7852099421725374
45307,0.7723535126046691
81709,0.7147289938963349
7658,0.7481921360830563
12419,0.34281194393799985
50301,0.7742717867220474
54932,0.7015306923858646
40443,0.8006040023279366
89290,0.7749420244752393
18566,0.336296221798158
25390,0.8003680223708144
86488,0.8122096312719632
29629,0.3108234238900079
11058,0.6814355132254132
54617,0.7042134841367689
41981,0.6644839602896389
87296,0.6851296701389855
17667,0.7327935707352711
5896,0.6944221253051492
75975,0.6945587217099777
27593,0.6209314778547357
40873,0.853562468234752
70373,0.7441573335334459
43440,0.7832623119747202
13967,0.6167852811051538
105002,0.773099938736584
18683,0.7919059792022297
87657,0.7831724163640537
57708,0.7170642315618986
92606,0.8049758594408478
72712,0.7916064593321345
69218,0.7876622647027467
58810,0.8194250631004876
95425,0.816642462934404
95904,0.8087816034330959
79487,0.8077467412527753
46830,0.818911058848828
69561,0.447611774528277
94968,0.7579697302839438
1988,0.7933201044514802
96273,0.7934567777579022
2418,0.8322033382790399
12473,0.7376517740861307
19291,0.3981055723042954
10962,0.5972011363017297
47640,0.061901669204974946
93483,0.7929989919356519
104092,0.7177968271601111
97169,0.7986349818656595
31477,0.7915070841686213
75670,0.736997125794194
65370,0.7751054740679572
10836,0.5183217893145387
68685,0.6041253295966506
93012,0.8210313312515292
80205,0.799819484283615
66783,0.6986792481163615
79142,0.7674278155221365
51106,0.7812311165264719
101527,0.8474754471893612
46079,0.807001145636768
68864,0.6925831870014557
105489,0.7907888311481757
54811,0.4408379309063356
6426,0.6290879567039361
100841,0.82264207625952
65650,0.8245232492771241
57870,0.6448412936485702
55990,0.8183728191082825
106074,0.8008589807187787
49536,0.6267219218985869
89328,0.7986067335383975
18713,0.6628440398662484
91797,0.7816630349357586
106639,0.7076958743540555
5890,0.4066845573687368
89684,0.7399806305261544
54023,0.6762745107236092
47021,0.7836763542033073
31128,0.7562331029328986
1963,0.7998224581329582
76891,0.7414668743128223
90892,0.7788394056966342
63803,0.7018180566066565
49662,0.7947051423586499
94938,0.5584172837184395
23162,0.4396638944877543
96698,0.7908592139581231
103791,0.7674135975244188
64992,0.4108412622333104
58764,0.7366631704459016
5358,0.7962520246232095
61333,0.8376587236679749
63475,0.755702245416902
13214,0.6395873997738414
21817,0.5927296061303864
34789,0.805913436996145
33534,0.7717631026649232
68438,0.6683820255384153
103299,0.8086456738708548
106707,0.637205493715226
37671,0.7100866704961155
36142,0.8366806679117713
75447,0.7520330657290811
31898,0.8083711326135449
65458,0.8387178980268363
20782,0.7542702670450026
93542,0.6305016981331867
28068,0.5150324220797722
13088,0.7061397734188478
91210,0.702923308504353
73055,0.8035801626425614
2146,0.7787612924966747
45779,0.6329817223520283
53843,0.7993083023828065
6613,0.8040769021624165
85068,0.6387815109825677
34339,0.7238872956126045
1747,0.7919767826096563
100398,0.7027113145564455
77182,0.6562570152575522
16496,0.801973342855962
50826,0.7579320133322746
54432,0.6665850197039754
106786,0.7815841469142929
60662,0.7571217385847002
25319,0.7854087282561861
57166,0.7035822563969742
93039,0.7655577789702585
57408,0.6811262146780855
98502,0.6683030783250038
89627,0.7073606327615838
30063,0.8055921460966707
37625,0.5984119511227823
20751,0.6893776756151314
43244,0.8160869941387833
66830,0.8094981814859203
7174,0.7723853005615258
98246,0.7960128662370225
56972,0.6198201628837697
84719,0.5697411593119568
86073,0.7433371415250964
49249,0.8270528404834534
72494,0.7386895322521541
56350,0.7734176785454032
75617,0.762936139494521
61192,0.8077747977912642
95727,0.737347593245326
53226,0.4896747407531584
11746,0.6697618155753697
56780,0.273500053849539
48037,0.5801295581493883
67699,0.775625439413721
52046,0.8441760399779437
7373,0.6741896043545499
55155,0.7209465982686415
87577,0.5344622539419327
97264,0.8040221580989197
73458,0.8134619088538062
86325,0.7634795435725569
96463,0.6122980523917769
16633,0.8002455018870549
75069,0.7352064466449048
35487,0.8342774706487099
24768,0.7628545016219075
34822,0.7794724525856612
101479,0.6365769884498604
79766,0.7122468880526377
49768,0.4523984572487252
22731,0.8064748390475462
33574,0.7787634468420492
55252,0.7471251215432431
40683,0.7228127522265612
33771,0.785746034997771
857,0.7789725706019736
51226,0.7654554805164494
46831,0.7283314624161674
105253,0.734185200581721
79491,0.7929860748114369
103022,0.76988649570053
82950,0.7618939476493565
64234,0.8080394260554247
78991,0.7937388301140671
83774,0.7889740525325242
48994,0.725474018703849
84569,0.8137201750135202
80903,0.7721644119851412
39230,0.5282144160138625
97195,0.6429029918457632
34972,0.7846344089761477
63621,0.6606364448916144
11553,0.7948924657140755
95009,0.759233769707337
2753,0.7088983354054909
102798,0.8040117124781239
35609,0.7265315795761956
45723,0.7459761191633186
36421,0.7689853595051425
93564,0.7273129433724452
18673,0.7406606855494079
99963,0.7546814561294781
19921,0.6127766715774715
9379,0.8077274894629717
63121,0.6732032414153116
55480,0.7848063583476497
102975,0.848612932457093
55632,0.6939738760261913
74937,0.738004486783286
51836,0.7844226042152153
12610,0.7996129217959391
46487,0.7670460032548103
42150,0.6931354629828064
2908,0.8005981027282545
11348,0.3488946881078686
104966,0.5977082710209272
56207,0.7271217270403184
47420,0.7528276692048165
70191,0.7315488772424413
30693,0.7717491369165057
82367,0.7524577512873751
56454,0.5799104694058483
40608,0.6184334007670587
590,0.7979959207792383
64431,0.43785806220032386
14717,0.6921190664692317
14898,0.7948732362288479
5949,0.7298491214670323
80059,0.5839513304836959
24763,0.5605087803845309
46875,0.42603770544363895
26931,0.7051462656886203
72880,0.7615897145406786
104802,0.786852200446987
39042,0.5313932298796583
986,0.6297398052558925
7537,0.7850682987932533
74147,0.8030780695005936
24786,0.7355573049688262
94019,0.7748423439601133
29377,0.723662164248441
16134,0.7818860375203549
9499,0.8276127396204572
64513,0.5211007312266244
15569,0.7345201512921168
47017,0.578067131510757
13043,0.7709156915935732
56464,0.5781570686125984
8315,0.785349859149657
31026,0.6692612529730746
74871,0.7230472849903183
46139,0.7492957290439137
57488,0.6419188559724184
263,0.7804164080997564
3394,0.642104438736841
22237,0.7048025521556881
17299,0.645338538377187
43048,0.35695463046813064
91934,0.5153366120106418
15814,0.7954821912502388
92661,0.7308141272988543
48500,0.7933363287969536
101522,0.671569284074477
58058,0.7793487305533365
48310,0.7877983111586504
93528,0.7431716932543649
48732,0.635051784645152
56815,0.8142265959673307
2861,0.7796305796613321
32056,0.6114335781324046
31686,0.6910471478394201
32212,0.7401969649800382
34433,0.7142343171110445
9154,0.8579075033358556
62686,0.7360180985373072
93196,0.8028537308184933
95261,0.7442973205324716
70962,0.764442404149069
90520,0.8030300352542786
29033,0.7763024714222756
2713,0.7797305467975661
36946,0.788254873585998
35993,0.7953467538641895
100933,0.7684019136913465
14561,0.7046840995203437
97302,0.7837201842236029
9600,0.5709526831580695
10294,0.7745994574267391
44890,0.7881780920749941
87850,0.5062324393581675
101786,0.7953731625621099
69051,0.6724186233758379
54868,0.6283718413933364
6583,0.6785041854658168
63256,0.7463084973853558
53969,0.7393611153349471
69907,0.823295684875287
45282,0.7545145716284968
95125,0.717054277940864
54365,0.6715128711318827
63236,0.790894430289759
104959,0.7790646268251883
105117,0.7402539824119465
18787,0.7930811279864302
77502,0.8088739448865705
59084,0.7580064257395731
91595,0.5979752825864711
80788,0.5175197547107707
99862,0.7312995958484297
87325,0.7413093025833022
57303,0.7801071498895916
37884,0.52958016190059
92059,0.8002128120763671
76261,0.824613472716009
79007,0.7168171545086184
97833,0.7721939524234583
40382,0.8314554168314536
42825,0.7557243047318297
73429,0.7583313944224817
67050,0.6675750095790975
67837,0.6113438228318605
11945,0.7163670144961672
4880,0.6611983199814697
104670,0.7605493327546816
69307,0.8421443650287735
2417,0.8067128318592774
20890,0.6437127984549965
60524,0.829638227644224
67623,0.6779422558355722
79406,0.8141704382567141
81812,0.32275526120228054
47792,0.7436351002164965
60455,0.7935919010573546
57967,0.7760234763105852
63131,0.7929389199578821
77533,0.7840909421198513
75815,0.7852415985365018
17220,0.6552287834795144
4822,0.6676962074140331
104299,0.7114171242059782
27396,0.4379489992093013
66788,0.7681061275254507
73691,0.8189002320134365
84699,0.7688540512455532
76468,0.5560457039735185
6868,0.6139777963893708
95938,0.6854164616856906
91872,0.6439333779691755
59054,0.7955094891056375
37147,0.7729055249741384
24966,0.6965487096216457
5668,0.7505306370819089
97600,0.8055331319752004
61930,0.6592709898869629
86934,0.7078997326939027
83678,0.7385851010418745
29827,0.7551116684472141
6206,0.8424263797463886
93891,0.7623360861322043
22302,0.6627171607407679
53715,0.6372974124512095
74452,0.5705340129502044
98097,0.7385280836099662
94492,0.7844490225003135
52873,0.657954484881646
39371,0.8100073365430516
33321,0.77797683126082
105024,0.7744701728428418
70699,0.6525935373129221
63945,0.687083156895161
92000,0.7249992173454006
4990,0.784906971162554
45293,0.7101525189260468
89028,0.7890627977173634
78250,0.809363610390155
27659,0.7688731949221732
67546,0.6598071219131013
85206,0.6753087549614353
66829,0.6295822744316643
14360,0.7382643990081652
98129,0.7939569229983907
74522,0.7864561372304582
20811,0.7939403444244517
76081,0.7312307749672854
38953,0.7713206948889035
8430,0.3547032032006849
89041,0.6676021706929345
99838,0.8102069549890273
79512,0.5780676769146492
103604,0.579594916893889
55820,0.7399774353683519
65422,0.769440976281679
72645,0.7792629822670137
91160,0.6782626533521083
62410,0.719100851506359
52414,0.8017723149173102
5692,0.6914082052161278
77094,0.40126556973580646
55179,0.43812621911404176
49202,0.7811302219195566
8841,0.6793824129933402
8096,0.7571883892128564
75832,0.8031758390426286
39279,0.7110784329338877
100504,0.7528499534988496
37330,0.7962569307327292
71467,0.660415901737695
27577,0.5294766624219598
59870,0.7867449464875003
64403,0.7352590553953503
47464,0.7597957425153896
79770,0.7992185415108249
99308,0.3270744237062428
57197,0.7779520070038164
37918,0.7707469868071014
43470,0.7599806844302387
100219,0.7236039560180345
26510,0.7265240120971899
25870,0.5075302461000433
65867,0.7816589665635995
51739,0.6018427779470837
99965,0.8236084160583619
10534,0.807987414737065
6664,0.799438550504703
104971,0.7702469559736014
24615,0.7551935722042251
100862,0.7553710216331037
28018,0.7601728188589175
7345,0.7668877957888782
76059,0.6888050015282084
24256,0.8355055702281162
89943,0.7712051999334169
97303,0.059050952140661764
60280,0.6153811569645377
18324,0.8371116347048917
87641,0.7276383495147256
28970,0.7797335442464576
27363,0.6646985949013916
52902,0.6046912406753089
85294,0.671358067327116
81480,0.7889701575107427
1744,0.7971047446089744
38002,0.7570570673181698
14284,0.8019035593333969
38484,0.7451123402939089
80584,0.8236655130283379
77050,0.6579022260986981
31259,0.5942401567505216
79077,0.5262178923455516
58886,0.7849950689465817
60954,0.3228512522873267
70799,0.7577762687057936
52013,0.7987830195299618
71904,0.6703049287713296
71844,0.7635274341532371
22734,0.5852953511153797
79724,0.5228323885847009
82508,0.6998713828541026
77802,0.7657853907858738
54576,0.7218145858380869
82046,0.8091187313933027
42787,0.7400434837797104
91919,0.7793832648460426
4764,0.7530702171332744
29079,0.7915636841854609
30254,0.5311959754719405
94013,0.7502139324042271
33643,0.7856027769957141
24238,0.36801553048490704
83026,0.7985091408797927
3164,0.6689116127178459
81900,0.7980143358770955
50519,0.783899391443776
76320,0.7595190085573361
56165,0.8331849675669962
83166,0.5607356320434713
88675,0.7668638815325877
76380,0.4572442253908402
86709,0.8082365991979404
54070,0.8064232980246425
37157,0.6267962968093679
104166,0.6665880103353182
68285,0.7576418221013074
81848,0.7385188299239267
44145,0.7827895605679326
24019,0.8055504986861702
86235,0.7641183751516167
80353,0.7493166555095067
45854,0.7849522425262608
4402,0.704758383530476
41645,0.6914489468868831
31674,0.714619481339792
28987,0.6636690177937529
18766,0.7333501917676305
10355,0.7939709754713754
32427,0.4646315574909789
91400,0.7365999717698803
55295,0.7195117678888884
106782,0.7155071216294902
1645,0.7454274746628843
2610,0.7135965354344772
53836,0.7226577393503024
63495,0.7873892392070964
53689,0.6051362720713022
99572,0.7164796494899937
4148,0.9224542473400658
93681,0.7606987791024644
82600,0.6861414761698
63362,0.7748697925472519
58983,0.6893148269066078
66268,0.7562043101524172
83582,0.7891238265487392
104484,0.7454695457556272
39197,0.6948240879737799
70740,0.51428740036288
75117,0.8154861149298697
56646,0.7762347282819476
103460,0.6546461830417515
19134,0.8027820075080419
87447,0.6819391937199593
49659,0.6053460889486729
83556,0.6538161146779188
23993,0.7410999129389805
5813,0.6868508648323948
29916,0.7199763065640965
12340,0.7905946577043202
67255,0.7975516831994923
46508,0.666326825501357
67248,0.39913165882702334
29461,0.8234009932768268
51279,0.47232962436869497
16059,0.7595026356461149
92016,0.7737133385866488
50313,0.6269253393702878
78370,0.7661588163320976
80708,0.5478670999064199
90075,0.7608659885732648
72748,0.7896042133259545
10128,0.31684919153326013
7858,0.7906403133363162
69469,0.6631625648294209
607,0.7828536127158259
31648,0.7820516425947055
65947,0.46946399959799184
65612,0.5956234464624516
29127,0.7965930474480815
71081,0.7808379075903128
28869,0.6077613737254975
13784,0.5306635158320103
98489,0.6514596517108795
38712,0.8021615525781163
1935,0.7870059870166816
81134,0.8130593421574664
97576,0.7961119166056214
100132,0.7917990756762838
41552,0.8004491611509307
104473,0.7489211774659039
10886,0.7717560794535516
4608,0.7414572615692204
19638,0.7029917839630323
103726,0.7394865991354698
14088,0.7082066814594611
44367,0.2714785688630902
77775,0.4475993756797918
43133,0.644807696768804
11750,0.7381468962846
38773,0.809911729921589
80328,0.37885786898190604
36364,0.7726276678249443
72222,0.8381795423435786
24497,0.8008843645711805
81796,0.8284722995635083
68276,0.46261052700777355
95099,0.7645490010673044
104325,0.7929148028440112
72720,0.7248462497337381
81957,0.48380724931945385
68678,0.800511758675396
6282,0.6493264225569617
39478,0.714400997085566
64263,0.794242616706714
56842,0.7300247960607446
71748,0.41957466931979387
101186,0.7209100743879866
77819,0.8240032952939412
82746,0.7630174864850587
75372,0.8382060114762272
86180,0.7168718676090817
103038,0.7105715709166365
53965,0.7833563684383035
51154,0.7103621267319256
68680,0.6608137738771334
10380,0.8117711302276194
15435,0.7709234022411007
80262,0.7617793673816474
72306,0.7376724801176505
62687,0.7308197813192046
87244,0.48411242097732965
45990,0.7006920611809226
2832,0.7398555057831941
15117,0.28749635397497425
62567,0.7071646600530128
13436,0.7021693058033676
10683,0.4824946439519669
25182,0.8077545767999246
65739,0.643614989356976
94520,0.439758140280345
96784,0.763609495139964
21531,0.7278435668192712
58971,0.8011092290567207
66147,0.6987687034447648
101483,0.6808010721476864
79887,0.7696390056174272
29544,0.6913637457088397
69091,0.7741894670945685
11176,0.7958429643493707
60268,0.666325262010199
71120,0.7703283393243985
31291,0.8021887449923133
43865,0.7804101405000273
40585,0.7172943647342578
37452,0.7532385810423134
52456,0.8265546390255089
90007,0.8066935384096355
16739,0.5785550316526855
91551,0.7834662242868276
23423,0.7038043812221814
1706,0.7856563117965184
7452,0.787104796021838
8134,0.7984449762404958
58536,0.48748105357777827
105734,0.7166749222635694
1313,0.7210717775519909
84876,0.8162397278233076
100693,0.7180629251741355
57995,0.6966926871591501
79811,0.630119442725198
69139,0.7003378486230635
58534,0.8367846855240993
99375,0.7399103052392737
76796,0.7000870446431858
66626,0.805479672025399
97721,0.8078374654707907
102488,0.7386659389887794
31116,0.6015843837630382
21065,0.7538108210786388
59272,0.7820183053499172
99469,0.7883332643170007
46333,0.7969990019157619
28601,0.7443572899629469
25815,0.6722973619104482
102482,0.6427863390432634
34661,0.7901229929863817
65391,0.7799011599295319
81943,0.6570006098342595
28505,0.770663151411305
88621,0.5966760577944754
62287,0.7794094737755842
25860,0.6013245715288726
58026,0.7921149042989637
59165,0.5134578410426802
21355,0.8170734104111366
724,0.8132962718665815
61635,0.7305809853150226
10564,0.37856887763950203
41782,0.6363247118794736
6229,0.5434520008578008
42952,0.7360899236848917
56235,0.7405242436756823
104947,0.788482100494179
7746,0.6708665038890441
100978,0.7707982434103972
20646,0.8088423697366961
78149,0.5008137426073133
94746,0.6593422741756875
11466,0.7915624053269592
12787,0.7760457793528772
104608,0.783626489516195
38068,0.7646567433337136
12230,0.7577456079169811
22667,0.6969790696529359
35855,0.5728954118224691
27932,0.68151549670622
57277,0.7292517269486904
71908,0.7816175760894638
23047,0.6776758623944396
54288,0.7132551853184116
73157,0.8038647619922935
72434,0.7604838240659249
37676,0.6984485059096559
107058,0.5981961711628557
103029,0.7031776394294009
34947,0.7143743813756215
85834,0.8127864412418653
74743,0.7707380455920418
19940,0.7987814067181003
29136,0.7814576028784305
65700,0.7826898393960712
15352,0.817804867201317
44799,0.6455635720231532
79640,0.7121788852773319
745,0.8006130287002152
68654,0.34528513242805786
75911,0.7855969467133247
814,0.7439791887146048
30903,0.7711984528327658
32545,0.7140668962962358
35506,0.7651146939844058
69863,0.7055551458966185
19443,0.8154829036514053
45375,0.682363554308434
22240,0.6536858722284358
86911,0.6260645738573831
68265,0.4458618643199377
91954,0.6573361150386124
99622,0.7840209801515011
47734,0.5875798662189587
53726,0.4910038173181931
94247,0.7945058656245464
154,0.8241787869767291
11650,0.7765950311832709
27561,0.6868196677297548
49806,0.7943390475946646
94011,0.7275346500546682
50140,0.7796122361944854
93185,0.7343029396469729
78438,0.8043256202564706
2264,0.5360990837432668
62528,0.7696123490021907
4665,0.77598281872293
7685,0.6981375257003269
39824,0.7967889449949886
65005,0.8185803478243423
68816,0.6289102550257575
102678,0.7805184543042653
63734,0.7650291860166731
40320,0.5583169475823847
2545,0.7695028864410045
41278,0.7910434135413463
102661,0.7943349180421078
29550,0.3777091029436684
13831,0.7810690599861958
52921,0.7806576998948748
106351,0.7293260745892769
95864,0.754412890162841
9087,0.8117943296000191
5591,0.7902136628326712
46258,0.7005553284251211
95865,0.7914856635905372
42844,0.7937280760702109
77093,0.14316968525904633
84201,0.8036270063034264
70165,0.7574231816115914
32357,0.7892249642083657
101296,0.7808225578795187
67095,0.7345500644230937
85509,0.7714648110498972
50202,0.7419383850677871
12793,0.7705173376806966
94120,0.7990688561582505
16628,0.7985563795701103
88444,0.7555430488382862
48356,0.5608889268974693
57373,0.7075493743235493
20724,0.7730736957192991
32265,0.8135528933370677
50643,0.7961559945547456
52320,0.7916763236754961
90770,0.27777362058810423
36345,0.6044875868619213
51312,0.7527488901576052
106826,0.7859168961180691
1659,0.799686612315381
16342,0.7906292442648993
14592,0.7708971524062672
91973,0.7927821533382484
92819,0.5522653096145073
19977,0.8663304778894187
14955,0.7681490735369375
2250,0.785196909751413
72244,0.6906211873995278
26420,0.8254078512126388
68772,0.762280373124605
5213,0.8774721931279378
51455,0.7733885028459391
81805,0.7212359532136404
85814,0.7135191880724832
26954,0.7932567705518669
69738,0.801648911605385
65545,0.7884018408671435
83747,0.7645464694842375
71477,0.6815894171137575
69329,0.7019430813589033
1746,0.8167358110120725
87324,0.5902909598868413
45379,0.774588644794574
89712,0.9129880537640075
96389,0.4637062797876791
35886,0.7881846025554421
89497,0.8091262888584096
49775,0.7937544408091456
81178,0.6243793940009961
72632,0.6406351206509643
93516,0.8194911450314603
57472,0.8099623895011417
95100,0.8287894746520473
257,0.7691523553594184
97807,0.7009795617526877
42302,0.7843317839922667
103524,0.8038911581913748
89488,0.7455211955042287
76436,0.7518916152296111
95621,0.7235438025137454
88434,0.6732167674318409
106829,0.6350743643662935
36065,0.7492655500285393
85803,0.7320910268915248
26046,0.6668671753175959
57695,0.7981207547859064
49956,0.6472778855374544
41088,0.6689772066259608
46736,0.6713446503913653
45144,0.6679998519410105
99930,0.736485846005415
27117,0.7390302415186463
53530,0.8056137693015328
49282,0.8003404336338946
1592,0.6980083740586286
2095,0.4391634318761729
105521,0.704761437792273
93321,0.8152943163364781
77725,0.47491807488132726
52947,0.8079303450284067
43384,0.724492100806333
41422,0.7638404986860347
102039,0.787939545999882
69243,0.44541816007341584
100066,0.7982035849913549
103522,0.7481192110376224
61424,0.6972587891291707
12304,0.7864726248682403
99845,0.8229501317404764
57141,0.660621446284576
63639,0.7928207786572596
19505,0.793292875863441
72803,0.660680858948578
57130,0.8017934040808611
104086,0.6433190895652694
95997,0.7009423015767783
73735,0.7547140780997867
17898,0.7145590733136865
63729,0.762228030258557
62143,0.7124344888114618
76631,0.8017521797844739
24602,0.7412180167430853
69537,0.7004917343312781
57797,0.5725888584747327
95559,0.7303577378668037
90322,0.6914156999746145
80472,0.7643222357639802
66595,0.7619395434147533
92922,0.45314529697859185
29561,0.8067015257715207
83239,0.7769740255304868
91457,0.5076628883266524
55134,0.7531501074409163
99539,0.5273002281897063
48374,0.7454818287057852
36915,0.6784768061904229
65108,0.8206399028318268
29981,0.5326440228060171
93649,0.4699800607608933
89723,0.7676812442582458
76692,0.7778566120991969
54562,0.7413287007817386
43904,0.8020064761956818
33293,0.7795668108678048
73671,0.8170514816948753
28238,0.6609592876356011
27546,0.8126471136187465
2281,0.8077309882236146
80042,0.7892235352572695
47374,0.3502912856747709
67558,0.754206563870381
58322,0.32747315031177915
106927,0.7957475399020403
81403,0.8271791707962672
86321,0.781513506777392
50823,0.7754046724169541
97448,0.7913495452663081
105586,0.7051611279446857
75470,0.7212122372343899
9662,0.8174148148545429
91907,0.7957307476050526
41996,0.8252362065003424
59405,0.7737232780044571
52052,0.8541806199162285
30825,0.7970495405903502
95254,0.7727277323953111
58587,0.7720280223792886
98745,0.7986022690302796
29759,0.6748756679106837
101031,0.7645863635064437
20484,0.5989475559251581
25560,0.7815586449325895
61360,0.7924080486647561
29448,0.7582375395026804
19381,0.7007026420164334
35748,0.7774776801751608
68222,0.7651602238468325
39947,0.8217061387507708
49604,0.7791987052731703
1877,0.8472455253610103
46967,0.6860341770440533
20173,0.5525556644666422
36385,0.7728090850671393
69799,0.7096541652095156
69403,0.8016653066026233
95633,0.6873413647328767
33998,0.7885634721983306
64813,0.46690507361606315
45104,0.552166991472854
8400,0.7920295752918831
2873,0.7365267013019813
10001,0.7107135850001285
48294,0.7480742970270908
83497,0.5846909345219244
57145,0.7320566437211473
40968,0.7855488007586345
12970,0.7920390981290623
73741,0.5180417062357091
63151,0.7819968289353996
70917,0.7721364441280469
32230,0.7990623565133107
56209,0.8097941873047118
23490,0.6685726305636795
47058,0.7806015261346124
82884,0.7162423351663857
97008,0.7968124553470295
19504,0.6265462109446152
2297,0.7815271021056658
48473,0.7251694969856115
86212,0.764651055793749
38842,0.7943470337637005
39472,0.6271750616324457
51818,0.5131951199877556
23397,0.6856248332427467
96486,0.7980012387447403
88840,0.7116421623969768
40466,0.7274766236255591
70317,0.8558625955247483
76574,0.67756947227518
39341,0.807485974987895
7292,0.6122056155220957
2023,0.5288608468871552
77379,0.591224036865801
58211,0.6996658837575459
33639,0.8053722129003074
104130,0.779873810764978
99841,0.6544857252166345
106572,0.6634065421705798
76552,0.7180255331922853
101625,0.7784098467273108
66162,0.6555690609679251
41851,0.7082301247367654
101017,0.756023172429717
92229,0.5700272781938616
82357,0.8126860514708769
15982,0.768496970772227
23136,0.7136034166135852
97759,0.5002309240079933
92316,0.7344536620126121
91913,0.8015793895819713
46431,0.7862005896570401
19270,0.7955589531197341
76264,0.40222144459746484
97433,0.7173020549291393
49813,0.7508694919751673
63267,0.684196220467366
44030,0.7480173250455069
47029,0.714819176429928
60911,0.5322695848538181
26852,0.7682166831669377
25495,0.7986710029801193
30724,0.6413545629253072
97366,0.7562650590559553
88283,0.6155827200630049
99771,0.8062461876267774
22333,0.6207882184323562
32269,0.8263323321149397
8079,0.7784351489228815
2779,0.53157957620953
13370,0.7807775671715648
67613,0.6897180621843206
84513,0.5980899992051532
8508,0.7756554445816047
66942,0.7283656819653773
56528,0.6335022012864574
63111,0.5934119245797931
43119,0.7342323371131136
55170,0.7881112390209023
77456,0.7900960494659727
8406,0.8024351400776798
49227,0.6417459083981677
100176,0.8209328350014172
89671,0.8542984135218696
99750,0.7013367013114357
60128,0.68866379646049
57307,0.7032996462801101
40250,0.7097789081697512
34581,0.6830591260724236
86220,0.7041342233161192
49095,0.7692236555557566
63946,0.7276656197093411
10473,0.8122821629157676
41895,0.4852464247502156
76107,0.6138800236516098
79867,0.7465064653631661
63319,0.6861308953342892
96015,0.7815238441696029
79850,0.6873949324851661
106860,0.7650958457348942
3663,0.7935615645459538
100342,0.7119814217981218
8091,0.3234929381467563
103769,0.7063923408713106
34494,0.8046680438523847
28174,0.7350762269205838
14089,0.795426913733533
14851,0.8027759097789
101546,0.6997723011470001
70823,0.8034995801406827
51750,0.6595662261039339
85313,0.6288037103753952
15457,0.6483658572218295
14421,0.7547083297700135
98252,0.8338873375632518
64105,0.7898906635691301
85486,0.7698290629662828
40484,0.8292602920055011
21023,0.788123088098003
14530,0.6572063725426974
43162,0.6308049426973097
6006,0.8107164006064426
6263,0.6598820422277746
42898,0.7710702295139423
74764,0.6266572188168295
53230,0.7108618439581874
102952,0.7597234992248211
17252,0.7011479915646972
91186,0.6896390967907794
29131,0.6246510869499491
78947,0.783741560079278
3032,0.7630487358555718
98841,0.7904392917258676
8866,0.7348491071047297
72495,0.719555336569819
67709,0.7637707233480787
90098,0.7171323888683073
59516,0.41250096263786196
50248,0.8529203778674356
94359,0.7420969339792809
27240,0.6631790451170335
96264,0.7731790984302619
52858,0.5573086412265458
46162,0.7954013628183859
1134,0.6307968161793144
48949,0.7419341059197487
71960,0.46282708871327927
68910,0.7447222537950332
99982,0.8042118406956478
41393,0.8273412375628665
51375,0.4111689408918088
68467,0.7419821548664028
76589,0.5681831221929315
70180,0.532958829932657
37487,0.7769274497424709
71815,0.7142865895290896
103508,0.7025589696142267
82760,0.8112505350930446
58985,0.693691993114517
16513,0.47576148746039165
31230,0.5634484891839391
59944,0.801806533969407
43283,0.6697763687692294
31673,0.7578425239161279
71637,0.80185302517721
84561,0.786907874537746
96324,0.7879398264248325
11191,0.8106908050987127
50728,0.4643563648670502
22865,0.5579015679780032
62181,0.5154979788422458
87356,0.7681907014890179
77537,0.597893890145609
22487,0.7762915241435246
45970,0.7676677966435261
20742,0.7730039544690864
64806,0.6662810842949222
98020,0.8060351820813924
49161,0.4992402523780058
1783,0.4065744221427501
64058,0.6275857144030939
1330,0.7828736452303516
86753,0.7837617644528427
85567,0.6025123339454104
92385,0.7758775216839713
63583,0.8021845394880036
41872,0.6457400101823146
4448,0.7570829558229247
10400,0.7703001873934906
54480,0.7212410527400335
897,0.6475696584397092
75005,0.8407886227584376
104744,0.733182116468151
78050,0.7849749733697309
24984,0.3884427969853197
106112,0.769330275199154
19932,0.6788328276711916
102896,0.7869647590274556
73105,0.7296762602483978
91330,0.5580628620890882
34731,0.5296537187055326
52739,0.7904763868702733
26932,0.6448627462016676
31165,0.5709332304192438
58551,0.8093345742551439
21939,0.7138016277506308
91487,0.7667472435014434
97906,0.6408375291254645
44807,0.8254717509599132
39583,0.7833846477721519
93137,0.5895451473343052
34927,0.8180334494457158
45200,0.7700997969133919
14810,0.6101847668401879
97368,0.7971851579135234
49243,0.6348576390396202
22782,0.7539121900733147
23667,0.6030527928424276
71900,0.7241197672041519
25489,0.3497570080218664
27382,0.7254898217816286
46444,0.5959056747965911
78907,0.7782653578736575
54487,0.7361281792229046
4456,0.7933525206532404
39826,0.8373538235757871
66223,0.6947974631737704
56061,0.780969516958301
62113,0.7645029303460179
29214,0.6315611997343834
66149,0.7818591579144645
88109,0.7925196286562438
22342,0.7252395268453837
101632,0.7765301053949241
35544,0.7347443077468228
77028,0.6119021709765455
43616,0.8006689044679115
58907,0.7250286918807474
30899,0.7905314270000237
87933,0.7911763975685979
18929,0.7935107671329663
50190,0.7127378424563633
76597,0.7893991556656732
89900,0.8051029831458862
83765,0.6060175356804928
13518,0.771553375551943
45429,0.6169284678070144
50083,0.8146981271039253
66000,0.707120827760201
94851,0.7221647396819808
10556,0.8239290226463901
63987,0.8086425018643114
3997,0.7972969629773254
9047,0.6903917541621638
85872,0.5120056122787624
24822,0.772753757251039
27379,0.8169029538697413
21940,0.367934774348586
48077,0.7448844750927353
96284,0.7894234661209631
79651,0.841614194948933
103427,0.6822219629129586
12807,0.7106905325956137
83175,0.8115405495021657
15840,0.6949072802474866
3484,0.4026437326511489
70845,0.7385261883314405
101606,0.8486010903750812
23783,0.30073817871605074
64445,0.7017158297371083
104412,0.7836787829550153
70411,0.7560842985709473
19819,0.6716612573508498
65009,0.6133221118300386
92342,0.6538115514653532
19108,0.6268344569016997
6746,0.8068276215358051
94206,0.7798240196505782
94143,0.33306953965074726
99106,0.7705161980138133
69631,0.33330613585923047
53596,0.6421827405556466
101047,0.838574890853757
56697,0.7765601014727429
55742,0.5396367915503307
70944,0.7107008861795027
92980,0.7701566927656825
34131,0.7867567817519633
44222,0.7407135079163778
43819,0.7905678780891434
19874,0.7304502883622959
49225,0.5970428782723118
5038,0.7873172501542797
29429,0.738809189321094
86940,0.7928148338258497
21797,0.780655126838387
54871,0.4846081931154373
44711,0.5671021862187672
9775,0.8216200447579184
98608,0.7720451946480895
33277,0.7864266354249168
47216,0.7777055541823349
6745,0.7400756489742593
42361,0.7880510837057019
27101,0.7854533846201914
72144,0.47148806616286437
87482,0.36956945889461035
52060,0.7712118288632246
26520,0.5097978173227014
16,0.6726692728246128
97049,0.7521531000357131
65365,0.7971497388663392
26077,0.6975678604248766
18424,0.7713764374392136
80684,0.7779152006209892
51997,0.7764798702876682
11295,0.6766903902815586
255,0.7260475927071943
95708,0.7452399875298711
102388,0.5937699276947037
82724,0.665847451840278
72032,0.6016492141057038
82147,0.516560643786018
50404,0.5432412204335536
11290,0.6954575927748249
34522,0.7851408794459561
92537,0.6273015589752017
105140,0.6344718748665911
23560,0.49499402855457475
172,0.7561094439628989
95703,0.7858299047653751
93174,0.7924020519915699
52405,0.7021051299453727
28051,0.774106464575966
4946,0.837273744649299
43674,0.25623576632191536
50110,0.7594541219698941
1179,0.7524568900037285
60536,0.8246086876490476
79473,0.470574732804806
104865,0.7578208622915384
74070,0.7659873265770006
97397,0.7755917050467237
76386,0.8050461759217281
41379,0.8009397830171805
10449,0.8243803078649828
33692,0.6158572036618735
38931,0.7825621065501621
40541,0.7349494023354927
95816,0.713262111947844
47147,0.7495663675453416
39952,0.6341162169884172
10941,0.8089341681003362
5613,0.7856701764179641
29689,0.5757807802140738
21013,0.687153454911847
12465,0.7016178070225634
7029,0.8053882371933376
100032,0.4531958740995384
33975,0.7819342012290781
102570,0.782294384255171
75071,0.5965455790033057
31504,0.7324467665802824
58867,0.4867165064015415
51215,0.7851182333602394
103693,0.770845797516645
95082,0.7575523872255501
24245,0.8312003996065079
51808,0.7788636295832594
26899,0.7379276211947301
83788,0.8135377219477806
15455,0.8035391984072489
6864,0.7744582131581158
43346,0.6328446805340211
45131,0.7249984946852434
59236,0.824346294120523
60069,0.7137532117926074
97287,0.8096332322157629
73100,0.7569450595388196
2015,0.7699648821705647
67988,0.789431117185956
15584,0.4480699501580747
104063,0.6321512903856007
15460,0.8304504135779376
95640,0.7833539790295325
77076,0.3306477645676042
4555,0.5992020413813088
74424,0.7989564488776507
88710,0.8011449993141847
6054,0.7575081447435609
65620,0.6858799913636979
10605,0.5853281480694371
59261,0.83119765838382
25733,0.27224889732058527
58112,0.7587065970763879
81844,0.8212149569178832
49036,0.7581455696350818
26258,0.8019728908205289
3535,0.7013568539852564
101998,0.7137094794905092
66520,0.7545701982804798
87362,0.41625992262390527
99528,0.7906049073205922
12377,0.7908300452182399
51345,0.7666635796806215
96938,0.4975660805901785
15312,0.7230185785654532
16353,0.6738407458449002
91008,0.7735842051250801
90835,0.6276200203079201
41820,0.49527025744589886
16151,0.70040439698799
86348,0.8194609228382778
105669,0.7739702249561837
101601,0.7892192976714223
83311,0.7646789321820656
104640,0.7546901689566576
84406,0.6896141172925117
8453,0.37370707462295316
60994,0.44155910029300416
51636,0.5061002698149318
4373,0.5756697359815999
49091,0.6297398779764114
68042,0.8223761452754376
82902,0.813938589689691
49391,0.3238107631749337
30984,0.7576631542110452
34967,0.6196858662653538
40341,0.704718396335105
45873,0.7812987806968614
17905,0.32082467686454963
16839,0.7738373066188541
44541,0.7974582980735956
68437,0.7935277549018568
21404,0.35454979926590846
73479,0.6626747374080112
30359,0.7823133285184928
73351,0.7952795356040917
84959,0.7906276889405965
56513,0.7991854016908831
103756,0.8067214165023392
67520,0.41652753413373095
100986,0.8957437552890372
27260,0.5761323657431849
731,0.3499731697645175
87687,0.33221918226212077
28660,0.7592450061637767
94391,0.7174349153173055
17446,0.7520315295081178
81498,0.6697147290393338
12219,0.8118594357693406
78778,0.7498892284694579
96356,0.603391470479421
81985,0.6946602850047902
55448,0.8002907385948893
48604,0.7137063797783879
5094,0.6870953875774459
81185,0.7017829394135406
71771,0.7959900437117262
69712,0.740491146749484
46044,0.716335335620089
88764,0.7372159736510148
88216,0.6892830480398161
77232,0.7452292839784845
32466,0.6405279669662556
56837,0.797483860380174
40092,0.7417775795476889
99835,0.8026126640024805
7863,0.8110221063344799
84264,0.7884752823773961
59001,0.5592506790460152
65318,0.7846843066147452
85921,0.6839420122581938
6507,0.5187203341187776
94886,0.8070996460058155
14161,0.8076278462579459
2774,0.812055938015524
18113,0.8282109227019266
39735,0.6254396409875123
78002,0.813348803058534
28895,0.8650389978326938
70029,0.6660824481973437
74120,0.787073442683708
5053,0.40581532900543643
72518,0.7738537937240153
46275,0.6963895062254811
96136,0.8110308051359735
14146,0.8012773680576704
48782,0.6950693379240209
71094,0.6140447174469569
4072,0.7844108084357215
22234,0.6856831369188344
40492,0.46388135443710987
79690,0.8385272770939586
23079,0.8116185794895276
17333,0.8089837300101705
87119,0.7574087710181243
5834,0.7445772581702633
13551,0.7495566298133477
103021,0.7660358982023849
41991,0.8144713816851181
97997,0.8102216493651763
106143,0.7697893507453742
101996,0.6826280297458789
101236,0.8151970112954264
36530,0.6659802122377306
17414,0.6176801434513927
33019,0.7701409362744854
85006,0.8142653585250167
76140,0.7615072403820968
11309,0.3270363908748192
34063,0.7870972024088957
86991,0.799858458278518
32286,0.4567026393257788
2524,0.7729555123771266
6279,0.5658194871647084
57030,0.7230114610446585
37289,0.7344797686789238
54436,0.8066562288775144
67667,0.6327936852700904
51861,0.4027183439036166
48301,0.7120268175820916
92372,0.6605832134717252
66076,0.42744681093980486
104068,0.8111045116384834
31387,0.34445484590266834
103070,0.681004798681593
102925,0.6694162113089441
99006,0.7964327996088241
34843,0.7313264342649637
38428,0.7421234042481876
50298,0.7837036028090186
51515,0.7923928938222277
32828,0.8003728176330293
104127,0.7822935763756554
2186,0.5605927725839464
20434,0.8111553610308408
96378,0.5343023051604486
13398,0.8040762221829544
6188,0.750259039578637
85871,0.5344799977485625
62571,0.82717609267305
11099,0.7220598357883278
94810,0.7876729398476805
23998,0.32393726051768956
49636,0.6715863370361765
20494,0.7554377722519734
33693,0.8344667780672137
91076,0.7352358620948298
74944,0.47179916454303655
74179,0.8195712063459477
8337,0.7699146311556954
38300,0.7811346135571478
33038,0.5709387208184264
42301,0.7581535450307488
98406,0.8176398129214271
21120,0.6265801350667166
103069,0.6060435150858963
95270,0.7622157450358827
29415,0.7097472929241272
8936,0.8244215473588222
3064,0.5952404456691434
9208,0.8358950545101942
3003,0.8247625742094558
19534,0.5481454195126645
38292,0.7894395332367208
83724,0.7712192702175803
38364,0.8168137985134788
13128,0.20276640489461056
89959,0.8194187472097889
16895,0.6247634310616995
11341,0.4854783304852248
65488,0.7888886971074426
82592,0.7606004086929381
56114,0.6440392590448021
26861,0.6579498943988857
41746,0.5551382973377565
96149,0.7511951162790046
11061,0.8078384706775055
53212,0.8056546279358574
70589,0.7252178015903402
78186,0.8127399210683577
54618,0.8549924217947014
23535,0.7884542188151606
76071,0.7791643437005737
6762,0.7025747317867144
21563,0.48968197644479633
8277,0.7298266553717017
68692,0.7160938307765752
16750,0.6419081296958697
106149,0.7797405197349886
32532,0.8015535671932351
32779,0.6755373064625069
102453,0.7757830293233708
30666,0.7815402383856637
61647,0.6356705271808453
27147,0.8163926508545934
95403,0.4334343275900765
100710,0.7232123242081305
36015,0.691461363915498
106331,0.7548753699383556
87580,0.7766278633613296
41501,0.8148614120080142
98388,0.7890368662654048
30343,0.7518577001975745
100663,0.6890080553973146
48171,0.7347552021895717
56787,0.43230741406779055
14226,0.800389020305267
21243,0.8082674184642444
106770,0.7882794891976063
14458,0.6399864536217131
67170,0.7511500522824027
73977,0.831937912929816
61569,0.709083027343556
6221,0.7498902556467885
1656,0.5922218532867779
70599,0.7911623964896549
33838,0.8414640304860252
59864,0.7689238583987361
74466,0.7757160912219131
11592,0.6380651411501514
15088,0.7718958210208257
97597,0.6045937769997536
18431,0.7952059363670104
42600,0.567889204035367
81817,0.6524887834053396
80331,0.8023029674807503
98567,0.8295949754111769
4097,0.6503166396837056
63923,0.5669122402232062
28027,0.7011570270891798
27503,0.7609647180403536
9715,0.72580629239014
40488,0.7678546713334186
40166,0.6925684974566229
48582,0.48768768893244385
6797,0.8586888557695241
65019,0.7147960240346996
30617,0.7876581153721972
51701,0.8150656733085815
5761,0.7236240223362389
105934,0.8357730147079998
40390,0.7721351772002554
58403,0.8408222696335604
39690,0.6999594928529048
69613,0.6006180371466475
17650,0.6101995836459289
26592,0.47908565146348747
70322,0.566989596675265
63130,0.6148365075476144
49616,0.7788496274745825
102088,0.6357439930851391
15405,0.6336857115160892
68466,0.7254232370564427
92294,0.5194051614260887
22524,0.7245134760938791
102550,0.4873956796885024
79178,0.77683744616953
78481,0.42885893433750805
25017,0.7553118271306586
4939,0.4369973421377435
28702,0.7401243626319072
50712,0.7502744654187246
42190,0.7207871812559524
85508,0.7046161240152324
36452,0.6211152426061838
9538,0.7968106664306959
35066,0.6568694856484839
38543,0.7902588647426011
11794,0.7680206013775882
66006,0.7608339710922701
21198,0.7790767234290165
80627,0.7502101486647241
72178,0.7858852209348297
52478,0.8835577506728842
54875,0.7775035867180131
93762,0.817242211424467
86519,0.6787877500394923
78128,0.4442633582321031
82240,0.7527543555591093
100403,0.4718981735296202
46299,0.7508249279321333
105428,0.7699661320544846
76655,0.7960903893816969
87723,0.6641640627266707
39172,0.7662780813919898
105399,0.8020980552615069
35620,0.859462079412681
4285,0.6219314758912816
104852,0.7227211061925237
45967,0.7725858069399516
73419,0.7915840980566144
88642,0.5659286043034294
66205,0.7760553858470596
48234,0.8343390069791177
6612,0.684284066854287
18880,0.6133878329990616
69298,0.7402104978141161
87659,0.771229788558895
81104,0.7828687121657715
77462,0.753239535499125
86422,0.7424018874755999
82575,0.7402577138835764
29597,0.8115471280110746
45809,0.6122699913615177
82953,0.6541803990276559
60684,0.5143413953482184
18764,0.662096127508727
103360,0.7964226999608683
36723,0.7732098842074664
29224,0.7693276072651142
48812,0.5342929605737603
43786,0.7958803204059351
37907,0.31623543035311663
66750,0.6852109989493935
74666,0.7064330461818065
32708,0.2541974101750645
98157,0.7985268123387381
85100,0.8095921114900236
10959,0.6713213707352286
25471,0.7507794003422229
74863,0.7555849404022478
87242,0.7192375206317064
104648,0.6506778970418404
97052,0.790648239065076
86805,0.762306220724068
16681,0.6489478577153109
9645,0.7281324808961239
38003,0.6821954608288248
98423,0.6994025809384696
43855,0.8018762143587947
80998,0.7522705482188892
51599,0.7687094362672497
86393,0.787307506598963
97657,0.48210693450505515
68503,0.5841345407411868
62199,0.8255433028374225
22810,0.6964388198274106
25809,0.7266310157958281
31763,0.790184689671215
56585,0.6982539148909455
82026,0.4909995813479627
31013,0.7860867968162006
88505,0.7691810413316376
67862,0.694098119032859
1083,0.7371181622804781
32019,0.4833155131701493
45514,0.7973790420909199
45705,0.7695014013516561
24442,0.7428703439687677
2150,0.7365339460836842
44853,0.7906399793474483
87629,0.7998090066423111
99796,0.6058354798612405
15349,0.2614262660842284
34765,0.8001403255400122
25818,0.705571771625269
2666,0.7936038152029861
76793,0.3864541816734473
105647,0.6517200275290671
81361,0.6937695859082627
90799,0.8336384254531256
35745,0.8368119829889092
160,0.6541254950358303
69303,0.6762434499719423
14700,0.769907495454771
69746,0.7903811684407412
961,0.8074519578346607
3962,0.5629229925337007
24511,0.7594660191604241
61817,0.6664725210611221
19533,0.7936034375491837
43332,0.7194395927738064
52787,0.6869202492975611
79254,0.6631593560365212
63398,0.7142757632618273
46236,0.23565669573814382
103175,0.8010895394080793
79229,0.7525146141881806
2444,0.7992090388954894
77714,0.7955606649757972
80153,0.7948126974975517
98530,0.8050418066542184
93242,0.792034766287054
39888,0.8326648749603242
9964,0.8160312281531497
31540,0.7868941451310153
47142,0.5166724152236816
35348,0.8044932646300622
74182,0.6159025994458432
5001,0.6726664549045025
37864,0.6474857753210722
14092,0.7597179179249898
16748,0.7960548936370903
104285,0.698812081234333
41214,0.5355892401847375
27064,0.7761758917008068
1903,0.747086238790754
9954,0.7501836556706554
86039,0.682698632279738
54745,0.7280439118490456
9210,0.6947311784207253
103898,0.7924843015261267
21972,0.8004223022995047
67669,0.5740591582876156
484,0.7703063709101196
47825,0.7951261223085014
47939,0.7722913702225925
100475,0.7297162883490608
77167,0.7600097499126662
88023,0.860457323345299
75237,0.7918981161940299
60778,0.4411181594262032
33347,0.5262431990861546
72757,0.7236823805527158
45691,0.6587018336551453
23169,0.7945999226562588
49808,0.7781214428303491
87952,0.7744032818960956
104831,0.7412177088171378
88511,0.7793553961274683
106076,0.677665045217242
1970,0.8158134532080482
61596,0.733168863153568
99009,0.827888319708401
36950,0.8796612807304928
4566,0.7010237803732566
40783,0.7596503060224734
72599,0.7812066273235783
8221,0.5980306956219296
19699,0.7949156765699681
37292,0.7924388862482288
11863,0.5770325185071792
79578,0.7521792226096384
25995,0.6411248297158024
37913,0.7696320823967692
7465,0.7993234881190167
77555,0.6943472595308652
87837,0.7309291347996122
32407,0.7903744963331254
3374,0.8271990541769162
23096,0.610241761546934
21436,0.5686073009801089
67879,0.7364708792136037
105851,0.7932352537025392
84088,0.7228875998207155
33309,0.7523852057521495
58284,0.5578475002721457
67380,0.738819188392453
51248,0.7312541137088437
7690,0.8288500667519665
66797,0.7891245982100275
3928,0.7450936738456947
98699,0.791026922104201
37209,0.825958088746942
39834,0.5631243556507407
100208,0.7683026888157222
92868,0.6930819225007115
7592,0.7641508255469509
93101,0.6957801991771249
82473,0.7562628683503212
54104,0.7202704701534126
8772,0.8298665155334142
49171,0.5835506222440173
1186,0.7525974587669059
20672,0.8119260877468033
9230,0.786263171344908
97020,0.5074875591554053
2270,0.8060828964000334
21016,0.6793050201810218
42750,0.8020151304700607
12134,0.1475470968987068
85442,0.649083063340214
4196,0.7605515904995441
45003,0.8061428257419024
173,0.6497493378251219
93374,0.8074343339032615
88695,0.6872897513445346
24428,0.8017140415207257
21794,0.8273316820582668
83160,0.7722582964476533
61147,0.8552350947115511
84498,0.5981309772175951
12837,0.7934922086292725
55334,0.8031264560579383
23071,0.779341290335239
86142,0.8089839812297368
82082,0.7750378246689231
40099,0.716262117420063
90999,0.7030604957633981
60262,0.789272409766456
13806,0.5632517256397243
84354,0.7961404984708268
93197,0.657422861527684
31336,0.5247477561538365
61346,0.8046939618998503
64873,0.6413790879203314
32682,0.7640300890328076
91281,0.7945958224688726
18862,0.7188958932686622
69521,0.7147181585390078
89560,0.6891427792487794
35183,0.6433706302330925
101367,0.6976729506648593
80005,0.558260698260958
28355,0.751490314999458
81694,0.7950083502429408
67871,0.6014476691873665
40178,0.8034368851820844
18070,0.7513831988112669
30680,0.5768708971537586
56137,0.7186811995714878
84815,0.7162072020656562
86707,0.7407121807669066
55089,0.5008635198025512
59361,0.6827578722325075
64490,0.7817507228146734
57093,0.7713326574142748
15676,0.7758846062532807
39525,0.7544754979846454
47923,0.8220155395613282
45403,0.7764746469091413
83152,0.5949859783931225
98655,0.7123700129813262
50859,0.7926070117206053
65784,0.7377280988158267
70212,0.8178922227890933
21058,0.7816104727718955
74241,0.7468634912961031
62610,0.7882011836859618
7566,0.6870538096207224
97972,0.8317053271443285
67144,0.7956900639012149
87606,0.8206293790932859
46796,0.5134421697708412
4010,0.830534248973734
76090,0.579917941439173
12992,0.7671526376695632
96829,0.5365620225670574
84814,0.7612626540065914
57267,0.4415933516574412
6047,0.776092197201016
69361,0.6938078823515675
17613,0.501945637485149
51751,0.5786155896648614
42632,0.7137521482550174
36140,0.8033851782654968
85388,0.759460669089118
71239,0.8066408202233308
15500,0.5376979170734367
61416,0.70536324553711
31746,0.6984423928410296
50329,0.5567753634807773
73952,0.8071560270621666
32538,0.6369781693729122
13418,0.7688891411684745
12540,0.7135660109966377
43800,0.5012808265006855
14460,0.7940385892064409
55856,0.40500565874717603
62352,0.6940444967401803
94871,0.6956574833013557
91572,0.754055864229904
26053,0.7536456818701129
50065,0.8268772516772284
5865,0.7788689160241115
10612,0.7620277488592367
42136,0.6837907853939542
98225,0.827598293376892
67911,0.8084354320063203
58526,0.7753017331135716
60638,0.7649529976379501
17491,0.7614821699831804
65807,0.7122715766688296
65190,0.8103293171201283
46855,0.7109459815986408
31550,0.6899504315126382
46678,0.7876767775594435
52586,0.7728713042886705
77083,0.7572550262059153
15946,0.5684103374544669
47152,0.6961005512433366
82477,0.7049363215503414
89509,0.7258424072178757
67809,0.6122781542397726
66336,0.7816201025593691
104012,0.5979022530052912
5903,0.7909180162118411
71203,0.5497019658610508
53679,0.7872637409192828
4649,0.7161665967458739
45837,0.7343602570510219
47135,0.8034775370174331
100954,0.7265071386642715
91716,0.6643035406820635
85728,0.7819016309585134
1170,0.7667186688825189
31247,0.7911140265145769
7679,0.8138912989156986
28796,0.8216403022515497
44977,0.8064677205502798
39422,0.7191056147003518
61607,0.6879839050584042
106078,0.7387517492011692
9024,0.6972283828621746
87278,0.7448936219705126
69203,0.7911890451865927
1615,0.7900464229669664
18592,0.7674520382725035
102546,0.7268526952078566
92573,0.7439757458525346
99103,0.8134316954488701
64001,0.7445277150441958
10045,0.6608676234214339
85073,0.751126490834255
63138,0.7782219391787973
33289,0.7339499178876119
25657,0.7396583968165142
105677,0.6469279907604093
67163,0.6437336510638124
13647,0.4116980917481257
76642,0.4261272607627557
51007,0.7866985485238783
68266,0.7945814318043075
44275,0.7904825728014508
20998,0.7856756315931454
37144,0.6152272621662582
22529,0.7987489401932272
107135,0.5367515322395044
10453,0.6871597815969978
44915,0.7205307823411462
71397,0.7723772035862412
87754,0.6615330161700491
94874,0.7819621656773981
48273,0.8091262955339261
83799,0.5391452735625831
59725,0.790754937705043
17919,0.6523379610489868
38410,0.6938481149786901
96210,0.44933223292643143
52102,0.7457881866171268
71858,0.623293822093747
35019,0.7694051886962787
100257,0.7637934087412245
92012,0.2962728479689499
62039,0.7753045584193595
62999,0.7758220370642519
71724,0.6684948968739284
45444,0.7408469773388904
92009,0.7540650133801974
19636,0.7983009826662928
55464,0.4364239772058902
71250,0.6559990937568799
7439,0.7208412807770369
49016,0.7495381008523646
23337,0.5254127671197272
60876,0.7833254345286605
49078,0.7090348318196058
74833,0.4067397158823789
29020,0.8031296704611125
26583,0.7696662644494615
29303,0.47403055730750493
42586,0.7835110865976151
71875,0.7840515000443081
34508,0.6246063729208448
6165,0.7035672532449033
58493,0.6010261810593911
94887,0.5922114724326942
102986,0.8297329620278016
28098,0.8167001786679364
25087,0.7043607113724648
8009,0.5213427814740306
89579,0.7472989917590783
54770,0.8252051728768377
51653,0.8128377540277985
45760,0.7216524145357416
4476,0.8149571805307225
54421,0.7710076455535582
59509,0.8053866107818869
98689,0.8683260743711126
60921,0.259289809957281
39461,0.7887472336830367
70274,0.733118449653789
37090,0.5567788904259475
37016,0.5256480543588686
13411,0.8014465077114252
51088,0.8040700424301803
56925,0.7956238252607507
98002,0.7754861284882703
35495,0.706701166735265
93475,0.8152247514193207
68261,0.6825669808701998
98947,0.755418644482967
50552,0.7056228305196538
59028,0.8195452532165128
88386,0.7708771883512925
96380,0.6025574206671744
45376,0.8011979831718384
43984,0.7618626482834866
24711,0.7239018828942075
97312,0.6621204343421941
26141,0.7477939821516069
16602,0.39751795415072316
23781,0.7323505664237443
28258,0.46472189455567486
64800,0.7755769143749192
37795,0.8358290583667087
62740,0.6636846345252027
41201,0.42737816276989304
1954,0.6135641075370555
81573,0.6911806899824516
21215,0.4194763875384001
70981,0.7306621232340682
67761,0.7284229130138101
104537,0.7020248101321656
52595,0.789759519054432
28616,0.5388644269183042
17775,0.8141074002901992
35248,0.7529871634830569
34106,0.3918113205049898
13399,0.7754795540988517
62348,0.8345428914529014
22348,0.7555315908115152
78412,0.55460062000059
79202,0.5807077589957533
28300,0.7458181883762361
57415,0.6254610935406096
24325,0.7799499832360874
104667,0.6957747542282666
102884,0.7387101417017347
75881,0.6960522875438998
89545,0.7447528009580349
53802,0.4587893182574882
8428,0.7913337830938204
1947,0.6555164385823823
39582,0.7921254074428263
98781,0.626386898467672
10914,0.7481462721607457
68116,0.6138347369484185
89336,0.2990433906610942
23088,0.8063323289163735
24498,0.783257524919307
20680,0.6134469184207283
72863,0.5837672021296527
9853,0.7846480489025524
34780,0.61554265105705
47982,0.7903097176902038
23029,0.7459825412941505
99217,0.8373026578731401
65189,0.5128429526944925
32702,0.7307838210225718
29196,0.7732810406671538
92311,0.7187977069329495
78556,0.6208001991378572
790,0.6759923823801834
61109,0.7348056747747722
27468,0.7687170548778705
59155,0.7784409415667211
77199,0.5529009869410566
5278,0.8014545098446658
74444,0.6118840090269316
82691,0.4486087001228962
16226,0.47456618029001046
52549,0.7523681118851581
44851,0.7942114779083183
59450,0.7997178939449718
94386,0.6338837658495158
17225,0.5901504093037936
36121,0.7713516556498569
70641,0.7334736712088489
23081,0.7775249240829448
26293,0.619062342355538
19672,0.5369722026543321
75867,0.7569147305373748
12380,0.7570177891478588
58603,0.6835798958889286
75965,0.7758989606019714
89363,0.772866033187303
93676,0.8199426712788044
14307,0.7279846309909842
91126,0.9076066444592572
25779,0.7862790283949478
6628,0.7995951349535335
4388,0.5470063253034503
93791,0.7462766594331424
31487,0.8226135144234993
90708,0.7032915015819851
30088,0.7998812571554422
83553,0.7022491574782338
74383,0.420009283501444
25927,0.7513497291924089
7414,0.5385103507114181
20334,0.7312170626044263
21744,0.7674262724836244
21251,0.6941334702951454
60748,0.7666280670696837
43515,0.7427077681585357
74308,0.6152368976350223
106088,0.7911488025461957
34656,0.6657568602537658
50547,0.6599701794967715
95637,0.771562351991004
30704,0.7336255525577593
15030,0.5605012719909468
24654,0.753072351026003
9002,0.7459692107140161
39090,0.7559403801188647
50634,0.7460311276908903
97316,0.7327575149929572
84069,0.5407993563070438
15263,0.738819856512221
17371,0.7420869076377273
92665,0.6394861364511697
68592,0.7644250966655532
34934,0.6799246717232021
60754,0.4513350287395039
11212,0.7361293154810136
57395,0.8057512362221051
87247,0.73458887672758
10163,0.47404368336117975
19818,0.5602956001831577
86469,0.7819971843001231
5163,0.7190708997426064
89755,0.5658045067377997
15091,0.7409363235865153
54328,0.5539652790064409
26074,0.8830151919708815
70959,0.5367211168824435
84334,0.7993868419136881
65282,0.7539854798576017
33477,0.7748396726172991
6641,0.5816646155844177
23339,0.7856410970163747
224,0.8015987278339154
16607,0.4323771166852274
106110,0.7082604037428534
75941,0.7483205559745326
45252,0.7824415921744791
832,0.7224762562051371
55056,0.7065448448896646
89743,0.8031249936227359
60890,0.7273099436510375
55078,0.7746317328383244
48751,0.7580404169009031
64538,0.7055205218395217
40381,0.7091445852628678
80868,0.7226258059524079
39323,0.7084066038012188
87561,0.8353710440855624
16654,0.794286098321867
41696,0.6210844636465279
13283,0.8063089460027812
24227,0.8108159001879994
9617,0.8047375291604582
56613,0.7605137281068368
87591,0.7504215790286096
51253,0.8216851137147869
79479,0.6840579060402768
90168,0.6301468765409811
63042,0.5538488898158224
37035,0.5017912881836258
52909,0.781350035027641
69625,0.7775903205662132
10939,0.7107464819448995
43090,0.8036121708914589
23167,0.7318186953655146
16387,0.7568305735805336
40661,0.8230136809521241
71384,0.7743449708343302
19426,0.7365226880383404
45384,0.7700667772527451
60704,0.6237425804163377
14812,0.7350009748185428
42412,0.5815832958640748
70876,0.7839894315190086
63689,0.8057601914983586
33546,0.7713311189207952
15735,0.8124231527868526
40798,0.7326753408065161
13733,0.7447569460276164
67133,0.7307246083399969
18911,0.631161491401841
31669,0.7787883558923142
80993,0.7332115955485302
48559,0.7790457217627712
6089,0.5444155113739513
75724,0.7286297847101624
76026,0.7527448814389966
31984,0.7775952882866657
10651,0.7824427647928475
31300,0.7155170298002005
28564,0.6895070908687112
18914,0.7453859330664202
58189,0.793470179567217
79828,0.7632286305119007
66402,0.7691042257384385
40202,0.5914342173457667
95576,0.6838543431275378
94270,0.7786898559493635
29226,0.799386636730052
53270,0.7428413012115023
35383,0.5834166892281965
29566,0.7891161089416308
2547,0.660618537463817
70342,0.7775788199297633
1061,0.791719301320231
78036,0.7975325033889767
72994,0.7935330767797586
34506,0.7980845249245205
102711,0.7992555197526912
41440,0.7556263547378037
39328,0.33101442142427273
82236,0.7979862034223616
54557,0.7845342461194544
8590,0.6870603362873003
49268,0.8529211300703037
53084,0.7089385044021593
32658,0.8166224312720719
40205,0.5952482449448034
16606,0.7375968155539159
21653,0.6542364574577203
38824,0.6962630452429848
72356,0.8187145671543656
58357,0.8163876396545142
5784,0.31743328274166205
10202,0.7916363089746895
9417,0.7618840781114219
33193,0.7873358904685573
107160,0.551691744701227
70310,0.8245140228612792
18909,0.40457075368345
60021,0.41339171627477855
20427,0.744703523716365
104311,0.7805705165145603
86023,0.6160621846247324
31203,0.7135189244606018
63103,0.5434790165305997
98109,0.41197788394487933
21297,0.8226529991087216
52144,0.7736631909712673
88901,0.7419235818971434
38225,0.7620509126170464
84696,0.7963349662765485
20497,0.748857345894116
29476,0.7814447432772821
24075,0.7838216640034444
22804,0.8195778282096503
91118,0.7781801669219371
80940,0.7855892181658484
43319,0.7904587825393264
29975,0.7114507256307768
87083,0.7424224946526642
52097,0.5968937648481549
40409,0.7639827513837295
38669,0.7903957225223027
3473,0.4340556153439337
42303,0.7871617418694855
55987,0.6961503420736719
29956,0.7443674912882493
85955,0.7729252958652346
25404,0.7897296005445379
10515,0.7638802620385582
94826,0.7785803354390137
24313,0.7036147261086962
7440,0.8199412094827473
37739,0.8239964175236076
65222,0.6980833398236262
21842,0.4655457816753946
13616,0.5505117815603492
62725,0.462459122887269
82094,0.6489241417360605
28784,0.7850382192004636
90341,0.6715760107224822
90871,0.4187235120054587
97153,0.7857023049681889
34477,0.7151701983750172
27288,0.7724588721378237
6645,0.6944720752116197
106487,0.6625108708085674
103799,0.7005215588341225
100795,0.6324160476150565
50441,0.8082335799133916
25656,0.8144068077639504
42091,0.716406592638619
31393,0.860317227265495
105245,0.7534402464040104
30771,0.6951746690507228
63295,0.8238236222079435
92846,0.8128029421774182
76532,0.5903025042692284
55699,0.6369283558174147
51532,0.7890312634123756
81462,0.7876057483606644
55743,0.8025180685264568
5471,0.8072018429686951
50734,0.7230089203715269
77357,0.7132331055508381
42814,0.8046864367464591
56981,0.7389807415703868
15870,0.7359639535658984
62263,0.7849194236992348
32459,0.5731621143258075
69113,0.783455171620137
41655,0.6784351736933101
73181,0.7638299485294928
106893,0.7888992716935338
95135,0.6805458685764108
250,0.8172438739831288
46233,0.7836573565358543
61352,0.7864887282377333
78753,0.6733007596312562
36900,0.36457185030887695
20266,0.7516735445733368
100210,0.7324217643568526
12736,0.7800957466872745
72307,0.8216511523802323
88205,0.8106048309011976
8442,0.7758652296437484
5266,0.7946713640681751
68454,0.6180364194539777
42471,0.7068432262690812
88656,0.6860138152987405
39599,0.7055319344159683
52067,0.7123502511802949
36330,0.6890983833719456
64700,0.7593738680596572
45548,0.6773345759088281
25933,0.6036285575514071
15386,0.8072273841424263
5678,0.6061340248618248
64586,0.8130567564576798
42264,0.7595238541300419
82239,0.3756325685243559
12472,0.7370824633232103
80615,0.5752761361726512
90894,0.6905586295730802
33993,0.29752604067243493
68985,0.5697395049201502
48858,0.8641415357279016
2365,0.6180711798620474
61432,0.7658622472843648
55956,0.7388679156851982
72981,0.8035392589129932
3931,0.7355380703915575
102498,0.7096129235851923
65577,0.7805445319959953
104607,0.7937902386208688
3574,0.6608739137463252
48736,0.7561062828928398
17630,0.7778491766391801
92273,0.7413342775365375
88264,0.8012000108244339
46131,0.4425602073174645
65601,0.7417961164624787
11263,0.66948527762184
56695,0.692487668599783
52600,0.7133516309067014
5653,0.7722675575193705
23233,0.7426972191382519
102262,0.8273531821921726
19938,0.6878228654691356
43484,0.781582198693241
85166,0.7567461780094896
3085,0.7202002130420185
18921,0.42509910170523707
24771,0.7776668725475311
58897,0.7839065112370868
94516,0.6385825840029133
78453,0.7867399227486354
91211,0.7786731949967115
105987,0.7384527633324385
43111,0.7350439481002241
28487,0.7027700318304848
8124,0.5923342428488527
82311,0.7208049296076146
98877,0.7832864017828884
74159,0.5846434298429043
33511,0.7657232022433115
95473,0.6697548525856779
19725,0.45964565690880027
41003,0.6419159562417244
16427,0.8066773988574234
100963,0.8337481561712254
52106,0.5855588175556237
39236,0.8276481755339727
44120,0.8284361260054317
105658,0.7380793775552486
13655,0.7426435332151191
26906,0.7707238616820675
88670,0.5516774732993782
10846,0.7619891229010803
61451,0.7886633964408208
22909,0.7594256609767805
5603,0.47501086626353844
71995,0.7755043972461464
13659,0.8216955448482918
33676,0.5656061797024269
99479,0.859423614803176
87944,0.551774191589614
98866,0.7908554283722008
101832,0.7012162034114952
41896,0.7808108737373841
3179,0.7448099911011759
51753,0.6787516443018216
27493,0.7596752582505465
49726,0.7487905941389882
12631,0.5471150970197062
72865,0.3212895791423526
80074,0.8268267870458346
25077,0.5265918939746367
2911,0.6525550681583847
6033,0.7488170189575705
11734,0.6167995797771971
49339,0.22036753386612312
3717,0.7852421536696041
81240,0.8277168663135636
94153,0.7967547043564149
78852,0.8070363623945007
54176,0.7592259749767094
65079,0.46678479387767946
42937,0.7824907324970469
37077,0.6387869104811016
90291,0.7074543695105416
64253,0.8085851427027768
56721,0.724819597663534
14315,0.7641021289331746
71554,0.6019768200436832
83088,0.6208353413286516
14641,0.819642461099174
48788,0.46698979302066823
37948,0.7925891057131306
80385,0.8027033396720928
33468,0.6747653508833995
18095,0.7375726632515515
33431,0.618892321782176
92258,0.6099385351629407
78347,0.44040488021584345
56274,0.837352154412625
53441,0.701413603260251
9495,0.8108536004375623
80729,0.6884970755806765
12433,0.5406731316662341
86376,0.647132280878338
52615,0.8001759479063818
64847,0.5121820686180536
19409,0.7220042636767341
207,0.7705422470860422
68122,0.7687721702137044
92545,0.7868118181178586
95519,0.8134413398479127
50682,0.7846443548209159
55649,0.79377521505166
81728,0.7049084423213796
11486,0.7454505861528208
57854,0.8167963032633103
1370,0.8126111407700124
30096,0.8036338241361448
37053,0.7857620184565254
54074,0.6463343913441515
33195,0.2954893207372609
102230,0.820733448476374
45171,0.3212043506941147
46872,0.7799317462934384
9345,0.8069056826276779
82785,0.6481957821080783
48943,0.6884734232318801
106349,0.6586605738506922
21593,0.7221519681408359
78571,0.7367357227986757
91788,0.4487388698518603
86361,0.8195959655521745
52065,0.8054375248033628
84555,0.7571132780068207
3855,0.7937075646228922
43401,0.7367057892150529
69390,0.70969604313838
56654,0.3357538358073879
28773,0.6898602307989155
100080,0.8280449773182724
89691,0.7411848505051425
80744,0.44214413686815274
27515,0.7190234041536513
101721,0.6834556983325853
23643,0.6317337109855203
47182,0.8044760761695833
56109,0.6844050737978603
81489,0.6714209433058342
72660,0.8007758207323761
25454,0.6786767694374727
89294,0.7846949147204505
74774,0.8112222491635729
30573,0.746090410821468
55258,0.7207394811405377
5170,0.507253399084308
88336,0.7293585533910638
5643,0.7172633039825909
62813,0.7679150589068781
72060,0.7574474174289267
36505,0.6924207657223265
30556,0.492449501235403
80742,0.5298689532615668
81442,0.7965854838838746
84357,0.7580227867200843
8437,0.7236485064259711
89498,0.8185065481213879
52323,0.6826023321324863
6105,0.7759360321590348
28306,0.7950407374694258
817,0.5829098272109452
21262,0.6871607633240039
101935,0.6693183658506642
84337,0.4520294006149304
14451,0.30756681724903917
16999,0.7790444571074959
106000,0.7949675924337695
54478,0.823078076107934
74663,0.8039739786246153
45704,0.8157967605822015
19643,0.7628819013499473
61567,0.8636740336915454
15631,0.7612321261599777
41554,0.7895540486667014
83039,0.8147234697786911
103446,0.5966499147679042
98345,0.563391421756674
58781,0.6343258157042311
36507,0.7669541782601207
93968,0.7779940694325912
69970,0.5873510147457465
29264,0.7641395368226382
72447,0.7733073558368285
49490,0.7042807824320472
78217,0.7821669864278636
102159,0.8069598589882171
70273,0.6775289487659816
26338,0.7692934127135826
56176,0.7707585448245858
48531,0.7652462135880034
87778,0.7902019475854709
31072,0.792442655606965
102437,0.7945709043995589
74391,0.4921427297261097
99487,0.7328181957210088
1181,0.7582030018012
98967,0.1885907759693846
40784,0.315218179373444
13252,0.6057301078292466
35927,0.803357307629487
10450,0.8214411034221428
26024,0.8112742719865459
85777,0.7941267172433406
79959,0.6002875405680389
42224,0.6133677439556949
79732,0.7962811610906994
13077,0.6978203278866257
45919,0.8382418479207261
48481,0.6138291556485872
23051,0.7663858463835612
53396,0.7800521061380187
25990,0.8449991953474414
65930,0.5324867101433458
84275,0.7546887918118296
55555,0.7001880125387493
13571,0.7128186985833979
19734,0.7709723124714015
99263,0.7769773959561025
40884,0.8339414700358214
76709,0.6638425107718959
91081,0.7197711437999402
99608,0.8010872852672855
101938,0.7025681323996175
31299,0.4212288793251628
54312,0.26753148089446005
75331,0.7097215498604103
26718,0.8115458785046401
39625,0.743396590549358
10154,0.4916881537620011
52480,0.7765331471578818
86492,0.3332453778656272
67218,0.6919668078826292
90249,0.7728636311376607
107061,0.5666574820651092
31114,0.4407757185023531
22242,0.4350510865281736
103709,0.6072115157014027
25534,0.4770663480926079
11076,0.47891366743611313
59426,0.744421968047026
40405,0.7342962539042597
44754,0.7873097497145023
22684,0.793108929168663
5801,0.6806708478783331
36924,0.6206739926771773
53384,0.8081381575109652
92712,0.817054835928813
96901,0.7923532135696746
66228,0.8332808313911341
6751,0.5931805278884167
16380,0.8319210144992193
67691,0.6650838318506582
69021,0.7808908379018031
96902,0.5069348104906813
47769,0.7999570089536179
31218,0.7596995423588514
38635,0.32283212679083645
84440,0.7619218700561263
80700,0.8096714261028963
83305,0.7320794143336511
77004,0.751462464176949
35493,0.8229860183933805
57640,0.5509910097803901
22467,0.783922883580179
37776,0.8003476869636095
69920,0.709895842764262
27536,0.7479938681331052
52622,0.6403840894194649
99130,0.5530205667444451
34826,0.6191884579155693
13530,0.6902752104404426
54219,0.7924918617152988
75359,0.4911287875300504
27285,0.6414981677701518
22077,0.8096247316291701
90788,0.7234844080298731
104322,0.8072408171278229
32897,0.8187276332704253
55677,0.671881673243861
42319,0.6707161814862592
92559,0.6403275492159624
29282,0.8083075710073628
65013,0.6926259103063531
4817,0.8020116674394091
37540,0.7756567853661733
68712,0.6386821929337785
56007,0.686156929280082
47616,0.7668044984112965
79058,0.7972667453114213
81738,0.7397851714062487
100015,0.807405847113538
54572,0.7050265858945183
49533,0.38596735415917355
101178,0.7390944719170304
95017,0.8051467614664378
105751,0.7557079107998333
78944,0.8005754624359006
2093,0.7329951338337383
105969,0.7741803650989865
104250,0.7997171467309869
83042,0.6766034710812545
1065,0.8049259600978631
37529,0.7838219156846156
13780,0.8161398192043663
46453,0.7725877624401571
64631,0.8303589788879084
20384,0.7100168042575109
47912,0.8048632112380208
18,0.5836964087044313
77554,0.7825390836883581
15582,0.7501608930119582
99666,0.801305240229404
79962,0.7966597308513268
57979,0.6115053260144376
781,0.7933584895140404
65466,0.7011172853255603
95252,0.7897683725118614
32661,0.38785590603693715
51127,0.6202964641029219
17798,0.7978970099126823
39908,0.7395796268593676
25867,0.7272755650256923
21529,0.5300909144656062
28279,0.4709212460777188
11637,0.6830110668994465
64726,0.8017164892781259
74392,0.726585647282053
15857,0.7306826804157757
97309,0.6753628408474225
37463,0.8035161094294261
32071,0.6791629515571405
21323,0.6868819528542562
26312,0.7565795343952275
71930,0.7559822103248884
3492,0.5062473470645574
65456,0.6844198360632121
96936,0.6935368893376096
76724,0.7126912604189277
10868,0.7060405008203829
82591,0.7266007367897402
35387,0.43583279574688827
38546,0.8271328677101976
89839,0.7812116217460963
14754,0.7480114505910834
48921,0.7255092427052272
5482,0.7192921973719103
105128,0.655239946079177
31526,0.7763971166095917
93278,0.750173194142246
37389,0.6130414833473166
85513,0.5765593442703427
71873,0.7932404983415207
14912,0.6857082800382698
81004,0.6306209961445641
43896,0.7267179577212944
14272,0.7472098409478481
10717,0.7078292983262436
64257,0.8010739243632626
11434,0.748710733374057
66130,0.7162462166240859
35204,0.7084244021482378
54695,0.7652117781497528
14350,0.7808607327432059
100672,0.5227600862087107
3169,0.3858470380605304
82931,0.8171382222185918
92433,0.730400188469755
24263,0.8468960123666898
14767,0.7510703960439312
10604,0.7605824558148163
100318,0.7435445131750167
75663,0.8121330210540885
43684,0.7698485032062693
30373,0.8385114083972731
17867,0.6750199817805882
33900,0.7758324179183356
29003,0.7013930642586732
33694,0.4626808295694921
84087,0.8122467263009678
29852,0.7308477150885556
63545,0.6901019447139213
62292,0.3376856200336818
57258,0.6727201226475056
95073,0.7996171439979168
50685,0.7501062037729153
104221,0.7485448056024036
51911,0.6181749702227536
48975,0.7815059410027734
58430,0.7980537231914336
63383,0.7048479479396578
35526,0.4634538305060596
64270,0.6700601151442025
23285,0.783068893006249
89158,0.7814914145109791
77528,0.6452553461034803
38446,0.6123726181939203
19382,0.7749576247309465
17453,0.7400909021031141
39175,0.6929779139784484
102238,0.7290527726988415
85718,0.7690509477319668
24010,0.82806761953361
54821,0.7719024704032794
13440,0.7532315589672001
11394,0.6795895210313792
23805,0.784042896297907
43147,0.8092766377306545
1333,0.8098858269472973
1639,0.728094434429603
37376,0.611517424890782
63387,0.7640449217461621
23614,0.8358996955564403
32136,0.7888663312868901
49294,0.7446776443016749
13594,0.8085432487775287
42326,0.7447536917843923
82587,0.6501619449597175
62487,0.7549220110612128
61281,0.7371658555783441
1204,0.7125409334711105
85035,0.7574133774084981
63270,0.7498715028429579
54681,0.7955173326820482
38823,0.7294039491750335
88510,0.40442353099278644
73301,0.7981358739148104
97118,0.5814748695702839
56486,0.7019136113685889
70896,0.7264987099016191
9348,0.6531022809736018
103274,0.7967323716802146
33539,0.7704626211714589
91382,0.8282838091145849
42087,0.7314503591193608
38095,0.7873432610908457
37681,0.8237140286930104
8143,0.7622485874402646
19535,0.8030600495122272
100274,0.4865399773417312
47783,0.7738200888997288
63781,0.7657807275825945
96617,0.7638073176767364
75551,0.7531846496874292
17255,0.8437352604597942
53787,0.7020896950152203
635,0.8079436218493294
85183,0.6464056392726165
103397,0.7370166330734088
82756,0.8175257595756621
100666,0.7056018688300595
50949,0.5371331331628224
28357,0.5222635323250241
45721,0.7532548545309502
56031,0.8096688896019625
28691,0.658410378905161
16837,0.7179903319160693
5685,0.7506493396940372
92766,0.8063119363500595
46208,0.7536963476191921
39047,0.8261647610299961
6910,0.725692252981291
70669,0.7862412046350162
49926,0.7646333545967984
67684,0.47108261290932285
22819,0.24833322752497342
64125,0.30634264003262507
15652,0.7185149695551774
23464,0.7940522868772829
29177,0.7437882950797808
35062,0.7934958462619611
68536,0.796260175690594
51118,0.614880148949064
90260,0.7872072234409424
60622,0.3663269963945822
72104,0.8275976279557369
7291,0.7412299326818742
68799,0.3994990065286222
26509,0.7847215361116857
96133,0.5306475536780954
64710,0.76026641471187
34161,0.8003984153134088
4172,0.5907216108002074
26504,0.5849561644347535
42383,0.7473017187785398
48827,0.3257486922850811
62023,0.8181758507091584
53381,0.46649220286958626
42672,0.8021656242702797
40352,0.8093269749864325
98188,0.7948894270902152
55579,0.5746477763483236
95699,0.8034452006029904
22073,0.7750653505216131
7510,0.7683526546298062
61926,0.8056211298395306
12524,0.5532388737424062
30272,0.7143214044775487
84597,0.7845272700627944
82478,0.8058982878349071
64991,0.78411026390493
33087,0.7492910158452777
102366,0.5709946428975177
83565,0.661415045308143
83122,0.6641893331070143
52131,0.7366530350235695
910,0.666776056507321
5111,0.7727910799211445
54693,0.4247896031764822
98190,0.7117689142615491
10111,0.8145764848500369
37371,0.6390114532635646
34857,0.5178825210196741
14501,0.7792201905025653
36005,0.7466398893353543
25749,0.5836275423729625
78921,0.8014064785810284
44951,0.852853493170109
14333,0.7884993329846597
83840,0.5622741709733468
27079,0.694103154928798
13278,0.7937571523470904
23037,0.7158358274653192
67764,0.7718027228489249
15310,0.6319950139903249
94802,0.8211808179364748
87951,0.6828118490377162
78943,0.6783672890888476
97872,0.6024821367499062
81410,0.66534037166147
50882,0.7736117270008666
27223,0.7547546175165987
65094,0.6190797407397026
78051,0.7973542255924287
70230,0.6444827814900267
14759,0.6308865532997286
59979,0.7827430102036919
43844,0.8036385874011538
79018,0.5216898037905761
27232,0.7863848285121842
26744,0.7254341087740294
42401,0.7936842349713987
78332,0.6244080095252125
76194,0.8070900445892866
384,0.616342213163173
63682,0.6599727247149356
49119,0.8009377061370901
54063,0.6525867015841385
64585,0.7588021347944486
79519,0.8243031714209003
51401,0.7336498821163886
30357,0.7475858923865618
13880,0.7776059333207596
58055,0.8162522522502289
45641,0.7746330406714079
21988,0.6365322289704317
54004,0.7428143991645142
24290,0.6339246893215686
77273,0.7031234444626353
76128,0.7410576941326834
65644,0.8604146682158881
79017,0.6359218311142908
101808,0.6971812690559441
99951,0.8152666441195405
60253,0.759294495885713
94900,0.7299792593807694
48007,0.6324699153394868
98057,0.7251419904493095
47744,0.4822470669451187
98823,0.7751401384622166
101068,0.7390662154503763
102961,0.7530225329254732
74087,0.6192590149991042
7420,0.836651958078132
70975,0.7275326275152343
105748,0.7056120042523915
42214,0.7830780211357675
13477,0.7836499964239535
104778,0.826472601190041
43685,0.5908251648192269
100408,0.6092027671320881
51947,0.4551198045097832
75354,0.8094094461941345
15888,0.7620980400583741
33178,0.7863798977201203
101604,0.6397100247489619
11544,0.784995702694542
58903,0.8391576855916566
41792,0.5882343508897279
93189,0.7040357597334279
41555,0.3146818291857487
79590,0.7126970280650889
3426,0.7756389336150232
25278,0.8027276483164715
25008,0.7965046059593262
81536,0.7648570520032284
95607,0.8079658906263378
98558,0.7363109122519899
48761,0.7189396573859875
11198,0.8253043790042032
2451,0.8231978212368773
46648,0.8075034522354739
51384,0.7474514276019458
62978,0.8045340290969959
27721,0.7495736759574985
64172,0.4525516430219447
77418,0.6665501683952569
72441,0.7780678699648982
29063,0.7916164917100593
18090,0.8115982974832636
2491,0.5833637305102534
70301,0.7174784749081711
52348,0.7835427529748541
82167,0.8092764329957237
32365,0.8044333834016225
6896,0.7733089679030206
54908,0.7820927245747645
50459,0.7664244223463609
60554,0.7153330150719683
17023,0.6639760256447328
65066,0.7679087867621165
66344,0.635924158170898
37911,0.7532492027831161
22161,0.7940027346173202
30356,0.7346027663467041
60676,0.7111676791907989
31531,0.6139699971137108
4843,0.5474905712393004
99733,0.7753893011172559
83507,0.49643927614867095
82773,0.32493585868424524
74473,0.6008019655192635
88188,0.7979459462769196
88215,0.6243688495257448
63735,0.7764473869408488
70619,0.8023534552634031
61200,0.6784283379645265
30655,0.7074886481451732
65913,0.44723650029010986
54326,0.718425586947293
56131,0.8061652203594964
58175,0.8214571132988983
98975,0.818691068200414
94819,0.31062300613971455
90301,0.6681958155595167
25780,0.7318001130004004
60452,0.8033831684379504
50411,0.6956449026515731
35018,0.7723458519524984
73380,0.8136166784643054
17467,0.7108212386384052
3094,0.8060486767798074
9738,0.7865035439072162
44418,0.7543201215057919
84598,0.8547466378031491
93058,0.8104856750641162
101249,0.7584129323043817
3313,0.40981175784619067
98711,0.6758274067928253
27602,0.6650458717397536
49587,0.7342402272894224
80445,0.6417489717500294
39073,0.7210878578767491
77240,0.6328158468482478
64521,0.7939974668892189
14191,0.6229901957468994
84975,0.7975274003033929
41952,0.7968292766008449
26320,0.8146067265904097
4556,0.7679153634240513
15168,0.3654330066945711
26457,0.8230247969652043
59345,0.7861341702574091
29189,0.678256226676244
71307,0.8009191270764453
71078,0.6146380805215281
3900,0.8156189208841708
22304,0.7446606640604945
38231,0.7228970762133443
81720,0.7654141604903165
81431,0.7955113712728099
583,0.729500485663972
53552,0.8360627571170139
84043,0.7231914579642174
16175,0.48521133709981057
34979,0.7812691448128631
64150,0.737579310361489
75806,0.7257202367459988
93116,0.31947032991917135
29562,0.7995901656640685
28371,0.7991130074200183
69331,0.7948040822465372
44586,0.8045349474065964
91778,0.5813331009185434
99087,0.7624401423773078
36336,0.7960358019220862
76742,0.6783938138981435
103873,0.8014504614280397
41887,0.708241350966882
36456,0.4571817221047818
8347,0.7493052463418345
105701,0.8089517900077757
18727,0.796132700366933
48456,0.7944204922057524
67345,0.7916422621860031
18115,0.7334038776907633
88646,0.7584254561412588
16889,0.81828845182829
12294,0.7762431598852452
83601,0.8431122058245775
73687,0.6621221160041955
51259,0.5480069232842778
69885,0.6732377745717596
45997,0.790801594877546
65402,0.797552645561287
24272,0.3570317505785029
26111,0.5398361912133584
14340,0.4946551872964139
106932,0.8667701461471375
10072,0.3195511951362708
42275,0.6899628121809936
12585,0.7720404734956468
19345,0.8354719142629284
51382,0.7969058793409429
17188,0.7997288620847114
61288,0.7785326963974724
83262,0.7611622746927285
86120,0.8308925994995615
71597,0.7161329180555239
56009,0.7544004822242909
23672,0.8368679437007762
87182,0.603430812280186
30917,0.815980175792249
45016,0.7312151309656411
27513,0.7913601076376245
23688,0.6997799822518167
91552,0.8397181767191352
36671,0.6129994508873494
61761,0.627744317854977
85490,0.6419425265013445
102143,0.7367721603237143
4545,0.41856585392032225
25878,0.7832707640306638
40704,0.7933798980371362
88727,0.7261705676498124
21689,0.7687796354294802
53724,0.659638392128951
23022,0.7777049656006344
77592,0.6057668680515882
77918,0.779518213676613
94200,0.7550664112867337
37600,0.7749461263670128
43202,0.7400837300419303
75128,0.8344751068391525
47481,0.8132821911874317
80803,0.8087103260340457
97638,0.6816903895543533
67851,0.742441156555846
69733,0.8261540262315116
96141,0.7422648274774629
72491,0.8107262895473158
77467,0.3219779515749638
61997,0.8010432093181253
34472,0.6866271765160297
69452,0.8047958704750957
105256,0.7501932530747728
38288,0.7490438978867056
61579,0.7703474943635996
81861,0.7999466988138475
91388,0.6462845050681351
66355,0.7670169264098017
9772,0.6978987024259504
91345,0.7471641815519972
89020,0.8163988300925005
47843,0.759989842670597
40239,0.777408921504148
7984,0.7342782692109108
12457,0.6120305590527947
48634,0.8439910867005136
54494,0.6334769763564382
36007,0.30870609325955084
13859,0.7087395047019861
104132,0.8098536681442002
106444,0.7702480217837075
77743,0.7964029653379326
12930,0.7509426329096419
75523,0.767652061741233
74575,0.7736179099493666
87066,0.4867994441534318
72953,0.8164001553955523
75330,0.7927550362100281
35634,0.6868384932541042
32681,0.8128077874483054
54719,0.6543873161743325
11158,0.6629744095766397
59927,0.7666577029536819
104545,0.8201055675138231
40117,0.7283947156325778
61413,0.6526328518434926
21715,0.7718967163922156
32714,0.6581529482679919
24981,0.7805513086393572
35347,0.7615573448196702
93329,0.6340128447706953
62636,0.6452734444226401
81546,0.2813312538173672
98273,0.7501208387773588
7217,0.3779914403585863
93418,0.7088666110790883
37177,0.7849107594470894
64677,0.7738154052438037
17229,0.7832497870015849
97054,0.7938134360980255
79937,0.7830629327643385
54263,0.763688249189497
71751,0.7717390219468196
82528,0.7773631047365488
72064,0.7875437288364958
79587,0.45319507417382976
28466,0.8130150781353968
78377,0.7800796950530335
46316,0.8199980400001966
36085,0.8612526790239026
17461,0.7801471305514786
68795,0.811740919432526
92838,0.7710780333346348
7155,0.8061227081145428
18487,0.30330815821686363
66346,0.4076013085911868
99,0.49163937647389905
101572,0.8105361437523065
89347,0.7539917360947497
68407,0.7910201681860013
49849,0.8081841814059897
33062,0.5487457273967977
57697,0.800790742868356
43349,0.4876712904554152
83428,0.74875005244966
105864,0.7989411655314318
15474,0.36280052390769973
27327,0.6162963265157001
81606,0.8299533745120385
46310,0.7922747498762542
7460,0.7939182271958686
13550,0.688268242287594
101547,0.7815496113788046
37085,0.6080547464791698
90070,0.7955034711276117
21549,0.563317119566412
20421,0.8256449240813986
85729,0.820275194657815
94349,0.8072544542135823
97059,0.7677987912958772
74765,0.8096192681806096
13726,0.6499620180729272
337,0.7647914399149838
51845,0.7870468383363445
58858,0.8232491553897892
46319,0.7560331555934624
55111,0.6818815263484126
11656,0.8008893798724412
78676,0.756195716632339
60093,0.7646301435313825
91884,0.737577349179993
51111,0.788328116499638
17141,0.7954599575551995
58149,0.8321727024879058
61320,0.7122791214226731
1131,0.7972428826816393
22772,0.6393798008722994
43664,0.802147852483294
43501,0.8368912074492995
81414,0.7302544247345034
52958,0.8088634461173433
89750,0.722885436385276
83877,0.7560643640586835
65308,0.798733098029944
9200,0.7970872196016511
23749,0.8618996621186362
13672,0.7346190784681166
74683,0.7808589829057181
53904,0.744293134557598
105146,0.8316095184287089
40098,0.6120908625431541
54660,0.2527238742990873
93339,0.6875996680162736
106801,0.7382446462971988
26778,0.7442036746841624
72106,0.7746879617071052
20868,0.549513637897037
75989,0.653539867606465
105541,0.8784209959191258
13843,0.773012822963627
98710,0.801437783796852
48313,0.7151628899628603
31664,0.8508072832072088
19568,0.7989049396699741
47754,0.7076966015592452
96276,0.7910857723914553
95056,0.7858599628757851
92257,0.8204245751026275
85089,0.8131664078176797
20080,0.7787843596725449
52366,0.8188241667766862
43572,0.623967668602693
29109,0.7871295829243562
52191,0.7900577362628607
62260,0.7667874636297267
47485,0.726789262462665
52129,0.7666864434662902
59497,0.5190187609485186
73830,0.686791497618717
27949,0.7376435203072271
16537,0.7975718538237501
84391,0.6350321501050289
54134,0.7691185448631278
13467,0.8066026123371424
86868,0.7437024485071316
95993,0.6997730601674168
60827,0.805170594764338
68151,0.7781088405916625
57843,0.7762393698963227
2809,0.8140121132058218
46015,0.7034761389796609
20238,0.7899224752453748
106281,0.78698966992414
50264,0.698137952933376
73468,0.6260021705620383
15834,0.3039641336582717
72045,0.6685859247835545
56366,0.776296585037142
9996,0.8085493414645252
100234,0.7641790280413447
36929,0.6696833955857208
68444,0.7614489480685902
563,0.7372167690316911
80583,0.7912709291522956
103138,0.6627046437214394
65733,0.6981218544284881
32278,0.8144839319399962
88389,0.7117513249860221
56450,0.7895557993563829
29640,0.7822272660568028
101098,0.7942135306734386
89131,0.7975716285139757
102285,0.6513105655569172
1174,0.7752519081954931
86355,0.7308132182923671
68228,0.8104260240078366
49846,0.8151893836812918
107146,0.7875486494022368
7072,0.4718503597883945
56520,0.4570815132296352
73045,0.7993572442008607
28365,0.7482029896205132
68322,0.7829116786299042
102037,0.8469088361757077
18716,0.6772798628083647
67893,0.7064611344822603
81841,0.810659654514968
38298,0.5370588855129497
90742,0.7619278331386823
72516,0.5158745438696248
37424,0.7510440712160624
40673,0.5381472935204387
105362,0.7729683134609823
64238,0.7594249383166233
35480,0.7150658717004836
84378,0.703775620256927
2635,0.7063631799432019
63605,0.7771586913346153
45588,0.8572815955565272
46577,0.7925750901113886
99481,0.7122708585537046
808,0.6760126714049772
36596,0.6779075454228594
60836,0.7118325174454571
27095,0.725318783121001
78127,0.6192465161599054
32525,0.8069554007374943
102468,0.6867878252325088
8884,0.7571377552790043
16939,0.6671391773287545
88921,0.6932113195741615
67854,0.8093683945172623
88238,0.747719368626623
39425,0.6997497486960531
23801,0.7950511446123949
4572,0.5300388102137612
56382,0.6365154850709379
11124,0.7805127974432697
45994,0.7847965386630397
85602,0.6012786667012701
104776,0.7125058912710297
49788,0.7559942717047152
29069,0.6679610828143323
75167,0.8153641406045488
64727,0.7150145037438931
36990,0.8008425527494578
8472,0.7369416627633787
21020,0.7489723295334537
22816,0.6050043388697529
15066,0.8546683609820219
13058,0.8052191523285284
38179,0.7999801815795669
42100,0.7653439715544089
89612,0.48485235225789364
64576,0.6867806349911952
106162,0.6963760256592763
20322,0.7157837050333442
2401,0.3237797478735911
9479,0.5570026332827018
12406,0.744917576563966
26699,0.7359341245180215
56948,0.7304062106377326
9085,0.637373523564381
84168,0.7959265049216958
102128,0.6044289377633684
453,0.8089805792019424
66887,0.7784254356204369
88581,0.6542170410791541
11297,0.6300775920665284
23061,0.6646282377992839
35290,0.8000770391368758
79126,0.803730501094992
100424,0.7697743180505925
99590,0.8365298910057429
79363,0.7991554880483682
14879,0.7979223083443979
63376,0.695202125591668
28444,0.7989947181750392
1687,0.6884668420249129
2805,0.6665087176994415
86217,0.6684425471903317
91622,0.7539347073002602
74692,0.5798965979668539
22137,0.6298826647154175
55905,0.7654747809966884
16878,0.791786666743508
104755,0.738318762141131
53967,0.7546668574852939
10164,0.7983309995363035
75949,0.6762646298230937
58759,0.7123430882091759
52757,0.419390177363156
50056,0.8022288150635102
24815,0.7677446770034374
103539,0.7097344213922687
102891,0.7132914910375096
105114,0.8278061102979587
4702,0.7287677946200783
1300,0.7316058992193821
58992,0.7895107455861039
70748,0.758174681704092
21924,0.8047152644668774
62586,0.7846956112466713
69942,0.7255690598771161
64693,0.7964937373265026
72381,0.6993719746900463
44443,0.5273140450883114
61988,0.7996299850283467
69769,0.7794747671434292
83105,0.31307950527066797
70937,0.7699052604350707
102976,0.8166303304674293
34980,0.8045609060752894
102923,0.5946516276270082
67750,0.7759400499677082
89720,0.7141422665691202
50254,0.6650729601330716
61340,0.8070029588650304
105000,0.746620503635757
78651,0.8037254078890347
37221,0.814786603616984
74552,0.7582478288702321
20119,0.5141473042830759
49309,0.763879624597759
53555,0.6903339231694494
69286,0.7410740335242905
20397,0.7864345457698069
42406,0.6629380674972822
27295,0.6812087888273809
89123,0.5489673068181126
8632,0.7984402381237061
56707,0.7690653748011764
14260,0.6582607837075659
23663,0.8069096596730916
30928,0.7243603448610488
78074,0.7664809920925743
6546,0.5830253619354656
6852,0.7034491278518944
73970,0.6869341843670096
44144,0.7143822351916707
19404,0.7016323829415854
60135,0.2659274116869238
59957,0.7982381773885724
88442,0.7615480956786631
44843,0.7292276019165207
96970,0.6958551104017333
31533,0.5595680313908193
23234,0.47442026656868846
29494,0.8050020699327443
58974,0.5815929313328388
85477,0.8364699738431405
13687,0.7402308072915559
3528,0.6203462594782896
86408,0.7939866428234568
12633,0.7919845261731608
53912,0.7055227125451559
23436,0.7238481924260423
36474,0.7834543489692661
9368,0.8002084040495842
10622,0.7955891650688396
60229,0.7905941174135894
57535,0.6309907254431594
18260,0.764983119840419
100375,0.5570897706445628
6719,0.7181327959577726
84698,0.8046726059286922
77211,0.8079418842443703
76173,0.745773695917463
98124,0.6126156047180082
64226,0.7597275693013674
42597,0.6232453720479804
20593,0.6603961399366637
91129,0.8177509055158866
28266,0.5923564226071399
64792,0.46756875743248255
64536,0.8740077557887729
23351,0.2788806450484507
34599,0.7214172000171191
60849,0.5171409171671738
75638,0.7651291630951655
8952,0.7970508325868363
17746,0.788505911066917
90900,0.7757097065875987
3670,0.7264876927429945
101865,0.7566915080868344
4530,0.7463033933139303
65170,0.7999904483018496
9744,0.7940695213478931
39873,0.801524345155745
91786,0.7978632921101977
57820,0.7492774307433268
91877,0.7826091999037467
40613,0.632032801389997
84749,0.5738937191069489
25907,0.677412286873417
37232,0.7952816517427874
6210,0.772603089425789
7938,0.7414814002364875
95412,0.7711076567197939
44476,0.7839481300991024
31793,0.6288364527890634
84765,0.731560707961872
64213,0.5446889041650353
28955,0.7720776166369709
18364,0.7563611319515853
38157,0.17589846382993746
106432,0.8048058827554552
32546,0.77267321018621
35523,0.7359609402093933
24024,0.6680904071672633
96602,0.5782873474223409
45276,0.7125040368977958
8780,0.8071544814315659
3428,0.7948259127829962
88887,0.7460081934572188
85306,0.7717964347965499
51200,0.3108136429802058
9741,0.7707324404307903
105941,0.8108408312932118
101835,0.7452988411548835
80754,0.7981861371616538
51816,0.5444770511131334
13724,0.8066722299482695
28720,0.5942228674471355
64272,0.7354837845241432
105788,0.8434378539898352
67220,0.6115106618825173
60928,0.7266550044770248
58158,0.3521454407470597
16293,0.7768643827303581
13608,0.8266529946636798
37565,0.802968288858153
2344,0.41139037487208563
44877,0.7857316854781773
62709,0.5944630996815672
16477,0.7019481808852963
64979,0.7711525945917457
42339,0.7047092790000385
90112,0.4053750426233062
106386,0.8298611410325587
42538,0.8155214607239138
77626,0.8389255009052817
21935,0.8345558629754735
24877,0.2663688615973576
88325,0.7945575192790352
82182,0.7914219365544953
58608,0.7937101623929939
78682,0.8077847469382825
106195,0.5851135861782033
8743,0.5774482435340257
59128,0.6559558250480901
55870,0.8044332940633286
12945,0.6331861760911246
65772,0.7471390247974645
38756,0.7053623365306229
58762,0.7817423713175725
59866,0.7731481478956315
79358,0.7459417269028762
97545,0.7687718452438852
98879,0.794529774554627
75144,0.6628312955952982
15726,0.7860359776722767
83258,0.7942751566533905
29722,0.7495824933204241
21225,0.7912987603521597
37385,0.7100278941366546
7776,0.753240849013499
85049,0.49145773879763094
5438,0.646050817680411
45836,0.7306691316740843
93302,0.5577307474789325
103757,0.6651861496208551
31211,0.7498289567943255
41452,0.7683799089168081
101536,0.6625617297215252
13279,0.7607876299415537
33464,0.705213504898477
56130,0.7913560716488215
16350,0.750965917110811
104573,0.7510973389962112
61257,0.8103355111959686
83150,0.7997849265910936
51218,0.7542310343250158
10030,0.7924302005492115
75294,0.6246628222236985
72392,0.772139875627536
106535,0.530262025846753
39072,0.7175736660675085
71774,0.672375718269643
3813,0.6149857027823552
79029,0.7110056306043295
47657,0.8095854639337386
40796,0.651104821028609
62226,0.7320968808933023
44770,0.8242374150278758
20967,0.7605523790626717
19530,0.7707508796273828
64597,0.6940959465073546
6049,0.7287484464169988
39893,0.5246245857748237
69451,0.6888697864205497
79504,0.7073384348231668
42596,0.7280451662779979
69849,0.7659699247840617
38319,0.8123377338200871
28744,0.8243801637022353
6512,0.7149135403933621
85429,0.8100674084498052
22398,0.7193981784382505
73177,0.7723586303111919
67313,0.4309828461749324
69839,0.6006958481019502
11597,0.7175869830125458
76130,0.8017089679596058
18004,0.7971311900807591
91777,0.8007700238408841
37778,0.5025514357684647
42533,0.6968853692642375
14180,0.81655504271529
31629,0.7267034181625319
38402,0.8228634420465563
60267,0.7505346776157444
89185,0.7674914232510768
8790,0.7819721709981766
92276,0.4597271402503111
37313,0.8107067557141706
89912,0.7830314714816881
32844,0.677715385996502
51184,0.7988300036252276
79150,0.6267568641079541
25238,0.7658083977400643
25505,0.78730994344651
39320,0.7553938467859967
92590,0.4467289110676689
35742,0.7602619264923396
54874,0.7559233544273598
51835,0.6552562354754272
101025,0.7537691414268145
32035,0.716346252788
104832,0.8138489502797067
96308,0.6928881041375151
89594,0.8077329900973542
51113,0.7901242680100122
97964,0.7918623331536621
73407,0.809558446290242
18136,0.7940367846155154
20781,0.6530214248465671
86581,0.7166683728718294
1141,0.7434795532989267
67867,0.8094138210162638
91354,0.779753881562221
65023,0.777231614107533
47815,0.2805507444872155
78565,0.3413777862230474
60513,0.5563244599028768
103024,0.8240702689034649
100646,0.7857191613572356
17208,0.7259789536273473
57658,0.8061127040365464
26741,0.8108903163253094
26804,0.8472623215283771
50177,0.5462685210980663
41831,0.7113590705066746
30193,0.8187818925778063
25632,0.7444375075129244
65114,0.8192642572963249
75884,0.8194253522781764
91701,0.3800456495785735
63329,0.7622512144690126
78493,0.7586181768791218
50302,0.69416185856774
39297,0.7701765352410396
86271,0.7973946597810875
93965,0.749752668424889
93018,0.5165975494493974
89674,0.616810224243162
32657,0.6906867813076427
69309,0.6690234114257042
739,0.7345791867184267
52481,0.8023970879298683
99104,0.7078980192166744
69591,0.7157563984784694
47162,0.7735821848581623
43009,0.8342727835840105
38346,0.7363878891938404
10816,0.3396333664138908
72013,0.6817666551986277
78283,0.7307242901877263
41660,0.7746448566194831
1166,0.7334422741247818
39181,0.7950446100434518
59263,0.5552847564629708
104487,0.7020649154983799
91734,0.753887293521889
86175,0.8029249026176651
76412,0.7856400996658196
20616,0.7790386962788833
7844,0.7777479468361226
4995,0.41484049081404506
27159,0.5881482497952621
78130,0.8260486426238883
104326,0.6949257421692412
44435,0.6733824793144536
84988,0.7786211941443544
13069,0.7285234627663895
15486,0.6511124021427122
76480,0.6936266900884781
94250,0.7999596914282108
1856,0.8245215227329274
37078,0.4935051122888346
32927,0.8077601203724358
101015,0.7807282234587954
14773,0.7569313699011226
89981,0.783286636420188
52854,0.7650018476465712
41491,0.7494412291672841
63546,0.6721130790253024
23877,0.7098819804153326
2149,0.8016722012969888
9083,0.28858657999543763
78774,0.65278015634474
99819,0.7992142012977902
61787,0.7746914710402747
66605,0.8320931098798883
8298,0.6805137261070241
42299,0.6403377391786836
4249,0.7703375816478569
25742,0.5145913721321926
16651,0.7995980829796357
84877,0.47988906775711615
37553,0.8063366969055928
18573,0.6120048341692076
80133,0.7527486447258536
84558,0.4625930377229603
50562,0.39269949256348297
11790,0.7482014988498743
66033,0.8436110765385483
11819,0.7879051049336031
6828,0.56266354390213
46362,0.7646217511289896
1047,0.7825589943392016
34500,0.7935262566035078
47127,0.8204017201229591
23736,0.7893692081628886
60737,0.6719047438285057
4594,0.7778298869533932
29273,0.4433646780586182
46532,0.7123229537154849
6737,0.7190966791665828
23304,0.8012560979095075
29593,0.7958921420009025
61846,0.5963295081613033
104922,0.7642166080739119
87475,0.5562562662362086
7027,0.49409280316292575
87211,0.7610291302400352
18614,0.7602121242994232
94606,0.7993391903200455
106394,0.7946779167621653
17033,0.7774746188117507
46062,0.7667574982308769
83179,0.7303769406288454
44306,0.7947366118436634
3022,0.3368794040000728
39701,0.7594218204243722
86774,0.7572110711972277
35156,0.7384353922184685
81341,0.7785723117523772
83819,0.7939256807649989
70455,0.7361505589626189
53485,0.8182743166708901
23025,0.7808397517372236
4129,0.6791043297287823
95738,0.8089271326741899
19184,0.7941972454787912
15154,0.7621672449947593
61594,0.5292755720068659
103597,0.7990120717302707
64491,0.8174610591392556
23899,0.729906602492249
31417,0.6630867991387145
61755,0.6508747333065742
34455,0.8192282987040792
94925,0.7859339492218008
91768,0.7049075969453465
12323,0.6153945557201587
72970,0.5576963143131981
27442,0.6942652580556566
30731,0.792873387833802
102947,0.5984850534244812
10048,0.7954758109124004
7261,0.7442784586478626
37831,0.5044287159657874
61159,0.8359097486000595
100500,0.7054082868085497
66747,0.8033113431483336
22855,0.7233722093591606
29650,0.7673491501007359
96881,0.5747180607299124
47013,0.8076437853138639
19585,0.7434611754602721
30273,0.5788272972757255
91628,0.7345226646950539
79418,0.7609830527012
72730,0.7404499233052905
84753,0.45342130770835887
97421,0.54769764291708
45767,0.6113254790809493
9679,0.47760713423196066
88797,0.6255774100107091
1492,0.6007648598744568
55280,0.7759431076382793
9098,0.5621809523580865
101671,0.7487789588559522
89413,0.7558064766457545
84730,0.773121845792925
79999,0.7126863654189943
30862,0.6944047269209846
35416,0.7280591377077058
46917,0.5104763724852509
92930,0.8250564116926946
58243,0.7558121556637831
100799,0.5572861342259233
60694,0.42646068434225315
71555,0.7756429739003022
19179,0.8122053438427781
50184,0.7763065579745645
5008,0.7461648243650246
17878,0.8119470093633261
81669,0.8248394801351746
77718,0.5757584913750081
39440,0.7835993420374554
4895,0.7037480591802358
71071,0.8177994953214006
21702,0.7206038391925208
87491,0.7622727170174667
65486,0.804380939550635
25309,0.7987009968253684
42323,0.8073613773799271
48639,0.79876664093745
73967,0.8137911062277915
65998,0.6459328286383751
23198,0.7896564018739481
82664,0.6868524101434229
26094,0.8470227301435188
37411,0.7160740235252195
65951,0.7948125850612611
35218,0.8225617519012803
35957,0.5442569806425872
84554,0.8068135879137197
61197,0.7620531646806183
61094,0.7319190428641504
26711,0.7944406250483184
59195,0.7841966433826323
49121,0.752047109879308
40914,0.5815726059477855
47302,0.6327633426335483
98853,0.5866886762589282
103900,0.7604730318864058
64853,0.6231341641943389
2554,0.7717836700729537
92599,0.7811200677489657
25802,0.8266599792422756
99452,0.785087746134853
55109,0.4728144520686969
21922,0.787872588351234
93639,0.7636470811378863
99499,0.7758319440987042
75518,0.7818477558484055
30710,0.7627374397664886
70028,0.7864891827409769
101769,0.7859437799849274
37794,0.7889243415243211
96543,0.8104247083185936
47526,0.6666225798520257
23159,0.7984872660303771
40146,0.3374718217078973
94847,0.7593915300557031
53362,0.7169040873440198
14037,0.6781746706142143
37453,0.7517485012482696
5647,0.6898288791651727
14673,0.4634731378038473
106600,0.5359195367819191
73748,0.7706321633801572
80308,0.5625133578503182
19383,0.822688558874371
55496,0.5427411759649563
9225,0.8177198961798992
106906,0.596752032556674
75394,0.7879679374504486
88551,0.6318158851719613
37699,0.7914024798387663
39763,0.8257466277040876
70482,0.819707284901143
25050,0.8034762078795101
17857,0.6156983820484335
58429,0.6952698193047683
49416,0.7394104880222983
61552,0.7973808478280902
49623,0.7444761221084997
44617,0.7385297470918377
27909,0.6339577226173128
24871,0.8140315309869566
20942,0.4203016563479805
103516,0.7192640408959698
69077,0.7837859045404324
15187,0.6673171789790739
3968,0.33962773057367024
46406,0.7610641724401158
95105,0.7081484959542167
49338,0.648940058439651
64276,0.581885104197948
4821,0.7811592735538384
40021,0.7070336267678858
83326,0.38081848689397346
42177,0.6825972962365473
70199,0.3608529229685289
48119,0.6028938439680794
13343,0.7159570616605142
11053,0.5697688294694266
11870,0.7428363471261472
35640,0.5547023741867648
43612,0.7277202487267043
81628,0.7390960763134802
37574,0.6832508537206995
33387,0.6168432575389061
3627,0.7944695532765365
83186,0.550329725741097
99491,0.5557483861316918
59700,0.7695920963376562
16223,0.7675821420984973
64126,0.36571341701573623
42160,0.6498857251584582
69097,0.805952258816793
102364,0.7076421157104037
68107,0.7691014930376864
8108,0.7463922486980521
22927,0.811803163270024
59791,0.7901492553200544
100302,0.7022384993771716
61388,0.7907739096646563
57499,0.7527731856284912
106814,0.726936187453704
46493,0.7501663300070097
101988,0.77010932784641
3718,0.6853267427454061
97345,0.6945406233908179
44816,0.34405379224052474
15636,0.8362832559568671
14332,0.7962959930994408
20814,0.7092597654748583
9395,0.7015594715312486
29142,0.7862941945290413
44552,0.3677144311760938
49858,0.7334861064175935
23478,0.7878672624254127
101156,0.6426775582369426
17780,0.7020375089527914
40135,0.716300947904679
90279,0.7143379574856802
9595,0.777593665710086
11287,0.7237516559371038
52334,0.445523786627226
45378,0.7137363860825298
60285,0.7488006568408012
104931,0.7330942428110354
20338,0.4731795090739481
14294,0.7447261557053795
81500,0.7799931195708074
26366,0.7562299986757448
15562,0.8141469897952321
77960,0.33175682520248195
61174,0.6530575669444973
12765,0.7773224923151534
93396,0.7837352510061278
32026,0.5834992815576215
77586,0.5543693142098624
10668,0.7640777311990588
84486,0.7010110406473388
98561,0.6881347455948867
15057,0.65566939710398
62129,0.5542180555303957
46701,0.7761323059760047
35331,0.8029902208411563
3820,0.7821745618606762
21476,0.7788569017989961
81388,0.6472557966798159
65518,0.7746090792604058
25936,0.8316719467217322
58641,0.7993161411290106
39010,0.6280269097917113
10723,0.745868215548258
28862,0.791931669895988
59404,0.7673763521198648
51779,0.8485777414072
60999,0.35520479298031044
55446,0.8359771696112136
82958,0.845682463708627
103671,0.6848876198915794
70579,0.6408551002208617
21621,0.7712479436909603
40399,0.5806539276315825
66405,0.7579528023106363
40122,0.6815124151742286
105767,0.7772363160856203
67391,0.8198818010797131
31052,0.4345357889307215
6398,0.7820625262430023
66954,0.7544760342984729
99686,0.8195868006362997
14802,0.7845015281353356
96257,0.746010375072788
28401,0.7096605373449908
44017,0.5291323671248757
27168,0.821526561536551
79508,0.7953521143304819
76641,0.4313215419920553
101422,0.7076591732171357
57776,0.8249441829111422
24347,0.4715546054377259
58970,0.6125727268820079
4306,0.7985512797668652
87525,0.7770571882614825
50287,0.8034721748023684
35911,0.5434932333920592
40403,0.8105838099042563
94371,0.737858666235129
88677,0.7884811270050441
102789,0.7668606250168474
82807,0.8111100029564372
101560,0.7271843689498662
102214,0.6767127154808837
92213,0.8241988549726896
78847,0.7933049181399283
87625,0.7059204346985238
59098,0.8452873867641367
95200,0.6707403337886236
13169,0.6674856633314726
52736,0.6949055076848366
31036,0.7258731225470775
32733,0.690696407686342
39585,0.8264048185647437
65224,0.797192893420026
34555,0.5352221833652145
35503,0.7032709125850504
91563,0.865793164154847
64642,0.5577607265128797
25351,0.6792300816862187
60263,0.679028700389049
6918,0.6896282159831278
49218,0.8062269252111849
99645,0.8374391111094467
96340,0.8005502450690994
22938,0.7724863724247062
7914,0.7822000859106426
47223,0.7066938310529134
46877,0.7956517615757769
102108,0.791663616452774
67497,0.7120465248427337
2800,0.6443336135254806
77619,0.8214977316856488
82667,0.7971274889796218
47138,0.8120233549917382
78393,0.751256169699716
7564,0.5524827803265001
33316,0.33130726695418256
67518,0.6017230617927222
76570,0.7665768104663878
5453,0.8055521566997996
105472,0.7585245796058467
9,0.818483401975579
65582,0.8048677653605216
104768,0.6424606238387773
44236,0.7117938710346546
30578,0.7932240583910709
28938,0.7520079907851323
38579,0.8098477003035636
95781,0.7593995224952417
44215,0.7946725952570982
41530,0.7749433817355506
5456,0.6747964752655206
75529,0.7820411435697786
82386,0.7881457023329845
54766,0.6827655987876485
2689,0.7546823787710626
90046,0.444295700682917
72503,0.6870186310696685
96582,0.8024331657581993
37143,0.6860560477401348
49719,0.5289126602569244
11305,0.824857847179377
38853,0.8168093722200153
30018,0.4237454092445295
89997,0.7574553700994315
76441,0.8042676865744296
63974,0.804851743553056
5818,0.7313821972679196
93750,0.8080869611293491
103189,0.727841594275194
16117,0.43299175051159866
101288,0.7175802109142162
78644,0.6576201704757911
85356,0.687800076676502
6264,0.6893296164421543
7677,0.7530579887235056
62883,0.7817007967696232
78514,0.5976244788029389
73040,0.7345639608597664
31444,0.7706574155803709
17921,0.6243193086721934
58623,0.7657624792773644
83516,0.7714031281421934
15353,0.8118202840166212
100110,0.6901732835430351
19879,0.720912601426021
81914,0.8033976764655503
54921,0.7989752226090476
11156,0.7471547233394981
47710,0.7632839117414185
75545,0.5058137509701728
86014,0.8019019790735549
15013,0.4577663950773356
7602,0.5373714383035013
9536,0.7517515827802612
9037,0.8008689577279083
67680,0.6334682408040964
40930,0.7929537621873983
22323,0.6956115693836883
26556,0.8176756102360373
95977,0.8148880586121955
70938,0.8067853516156472
71118,0.8089463372648971
65686,0.802586669541657
13752,0.6858918811685503
74760,0.7314166531588162
4314,0.25658002525873996
59908,0.7798296671374444
43180,0.757647062523706
36161,0.7298997122230763
77291,0.5870185001727363
74333,0.6223141858025139
32013,0.6659723675117463
50705,0.7145220585695286
82354,0.6279731420579946
60823,0.7400211404002556
81132,0.5829732395034909
49721,0.8075629428929427
81135,0.744051825150479
68556,0.23793135721140193
51109,0.794618963004407
29436,0.7335911057569277
70014,0.8009871068047972
89999,0.801932699418271
55129,0.8104948666788663
57625,0.7116812496759255
72056,0.7275597295436496
30958,0.781484385050188
28837,0.7997287641002035
78812,0.7046546477101592
69050,0.6495015881070412
78026,0.7133109392313027
74753,0.7657373407029615
84865,0.6708886836473312
10850,0.610225381250035
103364,0.8200675951881439
20843,0.749835978869439
95753,0.370006727375203
49437,0.6757417329314086
96961,0.803464103250859
96265,0.8335938284586064
90957,0.5179986375083465
9510,0.7379465103495337
62612,0.73764136141682
46685,0.5993319747685864
73471,0.3703953821888615
96293,0.7208180738414192
27856,0.6992090989076735
86010,0.8019199854357009
85800,0.7690556779744745
100478,0.6163645565426278
84480,0.5719810421970155
39977,0.6883019573382034
42904,0.7769251630230265
97388,0.7816045165068883
73786,0.8379637714737169
32342,0.7940975222940663
19969,0.3387858087652446
35477,0.7820041248487173
60115,0.7976276838248783
29585,0.773068763222848
36206,0.6228886960825409
65018,0.5838166520825553
84906,0.6114557942509512
67728,0.8920087203537362
53915,0.21380719768789058
28542,0.7070029159837166
19447,0.6124182866798362
87416,0.5872841664086793
7078,0.721232508079054
64687,0.7982682060361647
26446,0.8077524351841916
5907,0.6462096211137213
69202,0.784423654117708
67936,0.4044735990701003
94444,0.7899093724849912
52945,0.62501297152256
33725,0.7820082824171379
17587,0.7814583511043952
41915,0.7654865821734081
73767,0.6987285798984207
15216,0.3310048950362872
106363,0.5943986511216262
101703,0.7078245169521211
75411,0.7419388032107712
57804,0.7873087293547205
25148,0.8015499965553897
9571,0.6140702241689872
57022,0.6057309441152148
99972,0.7640521335763797
51158,0.7833411887401289
35954,0.7851159420957626
97826,0.5640117277835252
99843,0.6850096812826779
90377,0.8094615392746358
63783,0.7996858535967827
88725,0.6101180639441587
104039,0.7593701104540909
31961,0.7111433632672669
104009,0.7598671887208948
47318,0.7596786232789362
86974,0.737569758975825
9421,0.7762946568071311
84516,0.757377810257171
44731,0.7814613792322556
76057,0.5829237531903289
87073,0.4274024877834899
43289,0.6964800069113447
100878,0.7907976109435676
4386,0.8012522696073818
38237,0.6658069828714689
75202,0.7764514002044898
101400,0.7118335173525929
107136,0.7126746755955692
30179,0.756301580664094
36766,0.820137008059763
56597,0.7900384633368808
37426,0.7581495249495592
67271,0.7761175883087836
37507,0.7456037537459105
33863,0.828281516145721
102791,0.7736744017198672
61814,0.687192378569628
66968,0.5790176068738814
15746,0.7692563809255532
69405,0.779505096713003
81775,0.7955037662351474
10874,0.7975713799785972
80486,0.6616670582666486
80102,0.8046933406507293
31570,0.7935241832165235
58348,0.5740407236360556
93731,0.7995340923183972
87697,0.7612094839446402
71238,0.8129440343649951
19955,0.7822934968375878
63568,0.7149291934850713
29279,0.6686647174658632
63613,0.7395792723468376
50050,0.8016773030026894
49381,0.7585156545824653
42724,0.7209038749637441
3748,0.7133424772113754
103567,0.73795829561864
14418,0.8591812100432399
92431,0.6946021813101297
89830,0.13592453995363202
69665,0.7531451374479476
82270,0.8122103888287819
28942,0.7867966144162315
52103,0.7994679312044376
49028,0.3885048639482643
73933,0.40484276478467357
50783,0.5171277547532395
78350,0.8015959164916744
4902,0.8129252267455879
53013,0.7782758023581952
76554,0.8176921172967315
23980,0.695456311075678
41145,0.7090258417454476
42225,0.7737139180782844
89264,0.7416210372680155
62543,0.6232421814352104
64809,0.6619661032208008
11702,0.7909859287522746
55003,0.7310248395476149
94451,0.7248647889210441
56327,0.7006599937045712
81325,0.785055480097397
39310,0.7828951000559653
58708,0.7717359654125066
97817,0.7587203151205375
53379,0.770683150122152
79932,0.6936175045779251
63512,0.7729604562361587
20779,0.7810662113871165
95212,0.7444052832329539
59462,0.7832772426903366
87290,0.7969725861511816
11427,0.4293564154078116
62734,0.7952030831518827
32888,0.6438298603104156
28020,0.8045023916233226
107166,0.5392419918528191
34403,0.31643962957039656
39879,0.8121064576200616
42599,0.775837459495565
65668,0.7615359354443808
70872,0.46047385271926944
58351,0.4976028044522605
57847,0.7940388918416865
24231,0.7527907885391154
73322,0.705064827797434
87567,0.793808502567402
83106,0.6038196488951418
62857,0.8207185183999027
6190,0.7392686466500388
76216,0.7722724474061424
68017,0.7618500312734445
87105,0.5825344620721294
106867,0.7795857824723375
55927,0.6080963971564124
103438,0.8215720370006206
51124,0.6133116218951765
12368,0.6318438643916366
86766,0.8044687254318118
105444,0.688779231194297
87040,0.7723504026662248
22916,0.8432397405709868
50027,0.7532895126757901
81159,0.6685310207917289
58672,0.8067852279055456
30619,0.7241336091004354
33627,0.8191276941270461
50283,0.5177948746141804
52216,0.7479304785657218
59067,0.7342830824002604
14396,0.7029472244650308
11892,0.698231889663761
16812,0.7287536095738459
5522,0.6750696408049828
1553,0.8178850833953301
68393,0.7432422457928674
56743,0.8253917294144597
96945,0.7703930469511884
46038,0.8125271161361981
57272,0.5973049812028252
90756,0.767909991195712
52367,0.6862898623887671
106160,0.8552035521864461
90017,0.7179321645909548
3398,0.6531982084281938
9373,0.7627871203797871
105247,0.7057571271380697
90087,0.8004643544664485
69444,0.6034056237104263
17257,0.8305095114984434
35505,0.32638386965806243
81005,0.8071995491210067
44186,0.6259189237479424
13463,0.6596528771473242
46564,0.7426250303880726
79444,0.5914751408178196
99670,0.6399105924853256
11219,0.5353427358055443
57773,0.407307335893233
8456,0.7044319320307353
68047,0.7143982518859747
36885,0.7093756728920385
85280,0.7077716491348267
35496,0.7475130127914522
8287,0.7990194727403895
99197,0.7205453809853303
84028,0.5371570763936947
57813,0.713532241405639
24111,0.76158057448045
32341,0.791795541984581
11617,0.7841618539999807
51488,0.8103417936203151
54632,0.7324214689297442
92675,0.6775279124985862
25288,0.7433650434792204
60316,0.7891446589889737
74303,0.6674616110198219
100457,0.8432884076420523
39057,0.3785873850115809
106818,0.7624313568296093
87856,0.801317057624433
48380,0.7740595132546451
88962,0.8058897107195554
30684,0.6821748809219551
34006,0.8042530217432107
39375,0.766707325617817
38271,0.7460342773983684
103594,0.6569258985910782
65919,0.7244122673115965
32465,0.2314293428893866
95680,0.7269216251697793
21927,0.7705466542761663
82834,0.7813291619661792
86607,0.669936708423503
23273,0.753688162015775
86094,0.6997305232088493
39379,0.7095979431582836
59333,0.5946129403109138
89309,0.6609654688797139
36521,0.5682912939649059
20234,0.35753072241944533
42743,0.6684660450080253
50713,0.7629694182220167
50917,0.7240448968848354
56471,0.782894492157877
50938,0.7881430650779137
98079,0.7898587736331082
45607,0.7964369479451476
99068,0.7985202486882903
32866,0.7645847182047019
86916,0.7256807858644553
21587,0.7645267860850158
92191,0.808065481270549
103849,0.624513327016817
38587,0.6874800791228203
72196,0.6685440195844955
6939,0.4702425091138717
27786,0.7587058028319698
34537,0.7007591185894819
58057,0.76093554802218
70154,0.3724876969607913
91928,0.7795377340227961
40528,0.7495643450059076
12496,0.7676175001783323
24646,0.8405133551414736
11256,0.7897890279798954
21388,0.7627664870687864
85853,0.9635548756671651
44259,0.7791512346907705
36591,0.7975374952904221
59439,0.6424028837467116
74647,0.809825817055268
4875,0.7508813067869844
6490,0.6903774464000556
28346,0.7338695026287236
651,0.7858743262080163
1618,0.7938749054735365
13410,0.7806142783593694
106091,0.6838210734901071
57915,0.6581338954920205
28113,0.6853565854283802
71395,0.592688737198723
96316,0.5788510223450408
13993,0.7351353259773479
49317,0.7381795387075546
45502,0.48941156519499013
93262,0.7623164765897595
17644,0.7141593967963711
52028,0.5780613502294984
103808,0.7574686927257592
20253,0.5988105686475402
22006,0.7829359644425964
80743,0.5853587634079253
93485,0.624415554279056
44777,0.7375596099183956
6100,0.7529416631633412
79220,0.804949001139797
56337,0.7738371032286526
11203,0.780784982960113
21197,0.7526165388130718
84879,0.7469036671103202
27735,0.7777348804359984
40048,0.8146152360806499
21142,0.6294494504037577
17502,0.7972833342981006
74085,0.7309756668416909
104674,0.7040608664926038
43454,0.7933008673797698
55533,0.8036959301579619
10115,0.7790235863185503
4005,0.5676939676220507
38690,0.7289669806665815
76350,0.5486906416036746
33946,0.8053056833546559
88651,0.7807211900211009
6441,0.4589868635472821
29013,0.6814545478212547
58126,0.3288959272655122
1579,0.7673185529423775
45737,0.791956179267463
20715,0.7851725163870085
35446,0.4887166115554119
24700,0.7700104438482184
40662,0.4135089781116248
2825,0.7510967935923188
70461,0.7881349006373038
24568,0.7289914238510218
90464,0.6960348482544433
28517,0.6769909260063499
1466,0.6562453254341271
17097,0.7653140129731077
30017,0.7725486285746259
55539,0.798463361537695
59782,0.7892008701037214
71033,0.6228325740220224
64496,0.6539478297179111
40937,0.3250255230841408
94343,0.7739243883040677
10785,0.7977191672807975
57477,0.7354676496589957
88509,0.7535038723130806
13448,0.8674461697266205
28448,0.7520000233432722
15736,0.6573056451411622
93766,0.41872598450310383
28790,0.5999292465710523
104620,0.8233740881051289
102286,0.8073488488559853
40916,0.7414764506961647
27594,0.8059468902812926
52570,0.6891798667134563
57700,0.6776256943264121
56086,0.7200476226680482
15381,0.6871947783467541
46128,0.791195536416121
76957,0.687098078236648
27584,0.6571786478448384
47349,0.8251548654751597
13242,0.7674887246380679
21958,0.7790357153057345
82887,0.7967815670935467
106452,0.7765421179156521
8805,0.7219221167604877
39780,0.7340937727092405
98329,0.7673683710429073
50527,0.7822599147291771
82425,0.670430535287728
23328,0.6008870667065932
43312,0.7746376589924918
62595,0.5069260113078854
85134,0.7808244855414006
47366,0.8157155567601856
23299,0.7995255869870392
106554,0.7788037203744638
30402,0.6758918462627014
82605,0.7340114758069237
91467,0.677350174460148
87186,0.6545223763581977
16903,0.4491360329662386
1913,0.5060149686461749
24210,0.8011841287767157
72558,0.7320479604366785
63823,0.8037501229232275
37579,0.7977000840252086
23677,0.6782776065088225
43647,0.8497631369980967
74682,0.8247820769436383
61036,0.7613996844620176
68754,0.6099093560547023
4629,0.3200616204589518
45675,0.6602907860847996
87890,0.8157053087062686
69007,0.73607072092285
107046,0.7654151086977085
57177,0.7834591652833256
58179,0.8204966624417706
59861,0.5587315636213169
52378,0.8048532093260167
77012,0.7933046225707877
36232,0.5542988298468464
68330,0.7626617240711389
12004,0.688202375677533
11504,0.7677123663678506
45682,0.766112837647718
23369,0.7847363853007828
9711,0.7554370814070432
87557,0.7950785965498962
42759,0.6855692838563152
1961,0.8042829048343638
79192,0.6183804238689858
65297,0.6842518516643814
90391,0.4582781657296175
31179,0.7969491153081925
85934,0.7198884692672404
2233,0.7085829465146992
104465,0.7599771597575846
97156,0.7103968962300601
21082,0.5263272094656998
43222,0.7228129885682478
101903,0.8064266113532883
91631,0.8131604334080508
104772,0.7625345642899055
69306,0.7789758339352625
2246,0.7534193392548053
55523,0.8118705900601157
35636,0.4015191098252105
58346,0.7274196334638454
97733,0.4488600585967311
54318,0.8351117556663851
10406,0.7813673266035434
73686,0.7573074440649985
23697,0.8314895409349823
28920,0.7918706559602459
74967,0.7752466189139958
22282,0.567918201342308
46359,0.5737291707526397
100017,0.696110659395474
66476,0.7975626009668794
95495,0.823355106061225
39500,0.7444859121083667
13256,0.7663445604451716
87733,0.7868866706831422
50150,0.46738241110261064
101746,0.7744668322440015
43926,0.8209695469327891
62829,0.8156513145553697
16572,0.7778223785598091
19011,0.8131738354304139
34704,0.7328033152848137
52519,0.7673694504881109
29435,0.7548764243858808
14187,0.7573307214486189
25743,0.7246172255492932
21024,0.576109531500227
91627,0.6143829769409661
24278,0.7653398208035369
51417,0.8151146502100612
59575,0.7659277653472508
38791,0.565278319242631
43295,0.7800928347418058
76291,0.6656571422421222
61760,0.7120998380732068
3559,0.7109935862683744
59749,0.8102762276631511
8520,0.8201288395002176
99593,0.7648754980173694
19907,0.770531699983194
55802,0.7956523103584836
49581,0.30578723706895855
63636,0.671104599958231
68309,0.8284665705501228
32757,0.7972043189890957
69987,0.8179829055248108
40061,0.7011973869772106
56151,0.7431231477629171
104281,0.470200731175721
37146,0.6856891727219093
52784,0.8464252219993661
22973,0.7917536137052793
52110,0.8013012086347241
48457,0.693819763066355
83878,0.6961497648545525
41602,0.7835230022523394
12922,0.7250367138629967
106228,0.7879143412917063
32284,0.574849757589775
71166,0.5337547923730908
61893,0.7282640550401106
82610,0.7745903048676712
9468,0.7928499906459672
7366,0.7630294819619151
130,0.6905355453533383
93873,0.7946645062888825
104680,0.7693560461011946
13871,0.7501614395521087
92467,0.7629895345355779
43810,0.791731893989494
88262,0.804700735702567
78513,0.7655379160422554
33147,0.8209108984023654
39542,0.8293559748805353
86068,0.8194257732618058
17818,0.7702653076783194
49539,0.7940516536003592
80464,0.6916376202733621
4168,0.7358655990639855
43550,0.5765676525896356
24085,0.7902604787972449
102374,0.7987598840365727
23041,0.7076367707522591
73095,0.14374337743323481
74551,0.4399383417263635
58922,0.5270873025101495
54757,0.7239856387519362
86390,0.7633394634003663
49045,0.7555370448504383
63062,0.7794296736041165
45963,0.8286760726839975
3268,0.37025434074231073
94045,0.7437577570068441
93471,0.8106560965823525
47014,0.7882997739614322
25463,0.7499370240305538
59914,0.7984505275400815
70929,0.6723051248258487
105229,0.7357855701328543
55727,0.8246810664383957
68877,0.6640478007969605
36240,0.8133377627131424
12342,0.8109892497268718
45781,0.3225937489296385
64221,0.7307408704660525
25152,0.7793981538041735
19946,0.802058381691128
35848,0.7926067180689004
50988,0.5307519439830831
81228,0.8127490238084993
70634,0.8235648766360777
62087,0.7426626178063175
83705,0.8056053901791567
28135,0.8005644418862558
72269,0.8055402957985129
57765,0.7763274344448007
48237,0.791262088899983
60935,0.7304793674798208
96395,0.787130514371941
17552,0.7433316920312059
6012,0.7346954850083964
32339,0.7607965018448686
100348,0.7922019016170129
18042,0.8001393243368319
96315,0.8047943806986826
29764,0.5701421584337112
23929,0.7633516361334878
77311,0.80190832160418
70607,0.7182593978362745
30780,0.7984632024992872
80346,0.3339305869556631
98674,0.43291623025264375
81392,0.8180461398864382
97354,0.5811977316724727
81018,0.6953443487466521
67914,0.5384964792724237
73740,0.8321698743414725
17349,0.7443235271894969
92248,0.7476995909179782
7410,0.807085982466547
38801,0.6611015835111042
2980,0.7743689555386235
8343,0.7727892641806864
4978,0.7087647569021999
17304,0.7967891140843985
97200,0.7242164491341283
29661,0.5585233284152339
90326,0.3983620939349774
46507,0.5349905866924111
29043,0.6598793970188969
10362,0.4081811456492289
98378,0.7909816439229456
106758,0.7652692046345804
51017,0.8042234220774397
79812,0.7728273583700478
13356,0.8188034873051997
55569,0.7980819202963688
65657,0.8015546750448914
51044,0.7637651250043759
66567,0.7878438260189191
46552,0.8061769267296802
46891,0.8007573183808047
63607,0.3544124302055659
38370,0.7715220659597503
57361,0.8080902086082866
36803,0.7656424347444094
39652,0.7616414029220558
98980,0.6911851350241739
39367,0.8284886730428587
42936,0.7992653342087385
103002,0.7737507021620462
53733,0.6734087768721277
64932,0.4281974684969174
14694,0.5424718009825455
22051,0.7901331116489066
86459,0.8065688054626745
6391,0.6925387456742975
66928,0.6499325662627425
49982,0.8366616185445744
100643,0.5274987915667657
56457,0.7393849858453004
30800,0.7643183543062799
33516,0.782051054013005
10149,0.5775915938570539
59814,0.4791103582598091
95253,0.7268522952450022
53569,0.717595118620606
98810,0.5686566963926222
37667,0.7555308192922592
28177,0.7384369352569805
38991,0.6789857407424649
16662,0.7178887231709324
84074,0.7662766088014806
74835,0.5952866959192111
64707,0.563605401883756
92839,0.7120615689000964
7848,0.6850839562027453
14932,0.7986222834103783
95426,0.8524101093483737
10705,0.8102026943166956
36497,0.8224782318171093
45194,0.6955681461437957
91760,0.7353868957951909
42730,0.7669700648528713
73723,0.761473741220528
106197,0.7778841981025504
68082,0.4917462210964021
18144,0.8133533111803354
80046,0.3241405870887418
11278,0.7581572515047003
80340,0.6556179836970651
13789,0.8423526911355054
70923,0.9527866939193902
102287,0.7462519253666262
91972,0.5999862594579282
34636,0.6282418352855399
15424,0.6168647100920036
27169,0.8029407481630916
44400,0.7547110624707655
61822,0.31943506046746883
72751,0.8121022438298893
13516,0.7651111261339436
106505,0.7913002532532827
76387,0.691170954522974
15239,0.7945406327081326
103844,0.7788213948693489
53314,0.7446692269016036
39223,0.5298261754162802
9030,0.8241295449324294
14079,0.6127499649668782
105615,0.7426238759498339
12812,0.5356685782709386
75439,0.7211951751826255
39088,0.8072776033420687
43363,0.43472788018159214
32020,0.5642704310297764
64754,0.8159054177671908
3089,0.8007877002354508
23362,0.6066098079472793
84010,0.7579830835892405
28153,0.7491655774950794
38509,0.7959035779316698
11368,0.8124024067466196
38142,0.4187945599524966
97444,0.7055642905018795
41034,0.4406155515593121
8873,0.6620122443900901
30735,0.7113763143597364
61272,0.805114103846031
56414,0.7117641737927185
89014,0.8053544616369838
24736,0.6989396693848735
36720,0.8142277938674422
83888,0.7702925858267415
55059,0.8084641310011226
50353,0.6391949998534558
1263,0.8081846059670567
9747,0.6750555421143667
100121,0.650962734224598
101541,0.705517688011798
107110,0.7836680038424645
13870,0.695546784491347
53841,0.6983691405532603
99366,0.7248133664240644
97714,0.7893643364562464
105818,0.6741398907897661
50824,0.803607854246903
79245,0.6738406731243812
20566,0.7674341240271575
31568,0.8135023079072337
61681,0.7198023954429694
61035,0.7957784949994571
82910,0.14712153642166892
104534,0.802086149513533
30508,0.7865119772149011
36852,0.7901355807910395
78740,0.813360426552892
93787,0.7983651629786082
99385,0.7405773751048579
8541,0.664458708089425
40986,0.7882962382102616
59356,0.7821233200287357
24418,0.7673239115356194
73614,0.7313561315068998
27415,0.7542444330806368
11105,0.3874722325788285
38620,0.8153582110416071
73791,0.682894959500839
84218,0.7723825985397427
57917,0.6977048295223648
26115,0.8037054207538171
39220,0.7958760459272074
86510,0.5866381718585004
2620,0.775430738177974
80769,0.6690936321768388
63158,0.7695106266312428
68262,0.5777643959902666
75959,0.671779155492237
11908,0.8080769314855454
82650,0.48788534330301614
67201,0.7994571143201816
38281,0.8743180360631068
94080,0.7544584813832054
26958,0.6832715063480882
12229,0.44189506909066567
7322,0.4270274317068798
101820,0.8058038314084693
58402,0.7593263065677318
53298,0.781670285966881
55864,0.6490874356614174
80201,0.7279301815024021
27368,0.7565991825704479
51937,0.7950391408137343
75944,0.681892488966648
17981,0.5628473450138377
36458,0.7956946476019345
19330,0.8042678168180154
70747,0.7149045775893985
52093,0.6117619112755738
48248,0.7068203920261233
30444,0.5022243206939884
100114,0.836024147066471
75809,0.8152587430067475
83567,0.7242493506239318
22666,0.7842498392234395
49879,0.4486541504472552
63185,0.7995915843511144
71537,0.5831738935954708
84881,0.7985612118267365
11039,0.750947816519135
2226,0.8111749980565286
9498,0.7834092159449841
103461,0.7689258780975249
8026,0.8096385247728792
67743,0.48803351136042644
80470,0.7482850819963704
3702,0.8128787501737659
60275,0.6650425447760105
32622,0.7449717215353747
30739,0.6564164095450791
87448,0.850283159156766
98899,0.8170585520520813
89514,0.37220085087369703
10765,0.8340995008136175
76915,0.6140865862857564
22471,0.40958148832285834
104758,0.7529501123786395
106834,0.7954603677798848
21256,0.7433369506337342
72448,0.7912443785685824
76560,0.8057346138312127
72417,0.7048952708173803
76712,0.6836688330836342
81087,0.8048477190688663
106580,0.7985750650499542
29575,0.3445431286127032
93875,0.7146108321430665
57554,0.3642558432936739
60491,0.7231424216092665
93238,0.8087430200086091
3821,0.5661824352749093
28650,0.5026432454236698
66585,0.7867377062508298
3771,0.36027879447122646
21931,0.5039793758790451
6465,0.757849061945287
12104,0.682858453800314
100297,0.7462140334312081
12303,0.8131826061002329
63834,0.826397705304917
72813,0.7341968767700487
24228,0.4263953813162142
62072,0.6732837066695567
87548,0.5601322517174115
34142,0.5072267106538444
102479,0.7197487776953231
81878,0.5448758140789292
5322,0.5894544557570794
8225,0.7777889225760484
87700,0.7758010083354292
34160,0.8044447985346498
84726,0.7294930999862637
18698,0.7989030442307604
21961,0.7010419014175785
98296,0.6397992891860029
35011,0.5848251402396916
72197,0.8436457710436477
52751,0.693011201796009
2665,0.40866942757388214
13552,0.47094240774874035
74433,0.5008135971662753
55838,0.5529065409706934
3623,0.6927632793666957
18897,0.8021711993206914
97971,0.7911263395755748
54183,0.8030193279390371
36709,0.7592140669917273
45328,0.7882421196568539
45544,0.7500440845420976
88069,0.8112057205006591
38880,0.8222856298182186
29390,0.7122076735127808
17213,0.7720251476462728
103211,0.7132275515212014
103784,0.765472701644349
21672,0.6643446005050894
12667,0.5156669086078233
42330,0.7124412745448886
64762,0.8070722303701622
38996,0.35896113502767074
81858,0.705443292648371
63013,0.7444410071879
97541,0.7704148153840401
94335,0.7304906118900671
27705,0.7480961927208508
27775,0.6524327067951454
90297,0.8096642003357628
17894,0.7468871754601266
89326,0.7262526645707019
14532,0.7504267285503595
29304,0.5061536830361185
60991,0.759999048633796
26862,0.8215484749843439
36231,0.7747914600494773
68918,0.7246600806601313
87020,0.7565612679098676
68071,0.7662726864384884
74517,0.789879728079057
68399,0.7787698672684941
4125,0.43249895991476894
87538,0.7440375310234681
90505,0.7805292180773316
26154,0.5104945162547351
94063,0.4402070804042332
4801,0.7478332466868206
79421,0.753417887116942
22506,0.7420750314679724
90383,0.7469956665206295
31996,0.4299565778509068
94098,0.6484707929307095
23918,0.7680595182178206
14872,0.8158265078194945
52194,0.778716313719431
79112,0.6406391475497025
79767,0.7855289480569545
88807,0.8115560984226414
80213,0.7815417518814648
97386,0.7405970141900133
18855,0.6269439740032751
14420,0.788767220214617
20050,0.6250470956260887
12401,0.6140033940120497
78505,0.7901943820949169
39219,0.5559085167144733
23939,0.8190189829165345
16295,0.21427013651168125
38830,0.7485206373924256
63612,0.7244757432345962
13290,0.7784745640122946
53494,0.7502893685800819
5746,0.781830451773664
30513,0.47590078361448707
96344,0.7719441733483949
76550,0.7027545150897487
15269,0.8274274250129484
47320,0.8437163463073123
51950,0.606391810011524
9128,0.7704716635134902
34285,0.7975959756191376
93842,0.46147437797957797
8487,0.7075453792400381
98151,0.469883233389879
5934,0.6967785519119291
68794,0.7921463837617438
11126,0.801523458838912
77657,0.7072299267187923
470,0.7806472270038843
29040,0.8068049933994157
92265,0.5161077040335862
29171,0.7366416042669932
53105,0.6840562880087296
22797,0.8092475039680194
100238,0.7233764316942934
76873,0.7155192477760292
51495,0.6197723127822846
60063,0.5506520958017102
97666,0.8171317246331198
71208,0.7420472340495944
25864,0.8209812878878292
37431,0.8119467429662809
52917,0.604177761090831
97589,0.7624220508756968
33482,0.8197521205098649
20425,0.809102643606788
66723,0.7795091662214203
38765,0.7919768914904245
34844,0.8137956634039859
23794,0.7802017172432273
71459,0.7785229237255417
104091,0.8112094253689802
891,0.7907922850887624
72288,0.7119953886827974
42364,0.8035545650908985
30967,0.7867235902322776
16582,0.45491309643459865
42961,0.4081829273019438
22874,0.7315055358131326
64063,0.3878471795746603
89992,0.7884466924189871
37817,0.7180567939253795
21008,0.6300060896162468
65846,0.7847874413545224
30491,0.8202756869416407
10225,0.709323023236301
946,0.7176546403653865
57835,0.5472116516887744
68530,0.7944770569364514
89954,0.677328549195818
55861,0.7315064448196198
26313,0.5237744101874947
79078,0.7032290528363158
45288,0.812507044559471
41449,0.6207194793617957
105992,0.6367203205927588
22657,0.7100224582778613
59879,0.3723647992837247
61469,0.7859824559384407
34052,0.7816443355360593
75633,0.7942216492293049
99091,0.7145589869580702
25249,0.7955149823454652
89585,0.759595946298282
25639,0.782548586498988
47314,0.6395640746673804
27762,0.7524331376642185
52628,0.7909205612435879
84293,0.7881242479334677
68901,0.624633933997536
90319,0.7734672932557315
55559,0.5782102636722282
16705,0.6123294222056496
79054,0.5874922379935946
8171,0.7580283657473993
59206,0.37011580815366457
52753,0.3930145542119393
99521,0.7969344515320034
59828,0.7285947334200168
66975,0.781200356883204
33055,0.7927852017234605
11361,0.7117182553300185
10272,0.4569686873444464
15838,0.65009724187796
52127,0.7133334780471524
17172,0.6730131863389721
61054,0.6941510413905426
92688,0.3797191708086382
25633,0.8155740473173263
13746,0.7810559842119422
49271,0.7693585862061972
74219,0.675815862410438
95641,0.7173250346131352
31442,0.6915907518988831
61505,0.8034788534434685
4848,0.6097086656024628
35411,0.6988951735173261
41728,0.688672950155816
11289,0.7297381045047531
54303,0.7563057552763863
87207,0.8310782348159216
50770,0.8181049251939317
19455,0.7449638404491309
79660,0.8280103802473059
45640,0.7586567255717269
19680,0.24223110333679826
80064,0.6982047421850215
45921,0.7907246283040507
102330,0.7440616515106054
104779,0.8102476383732925
41647,0.6808091941206493
62255,0.8138670750246348
69850,0.8219036832238791
59083,0.8301717769556807
29617,0.6696231193655559
68036,0.5457813481613275
34081,0.78571154871197
7571,0.5282630478609266
27687,0.7626039317112002
9248,0.2708625533468586
70304,0.7731274475454022
68494,0.8050021143888428
34488,0.7532187101605037
91948,0.7208886945554082
83596,0.7946981007541002
6539,0.7999799149761311
50333,0.7142821172171727
103218,0.802600569884217
10795,0.7316910413120037
64519,0.71889055285555
55023,0.6894422877962402
79698,0.8094077404180994
12137,0.77185128197547
26981,0.7870622863334651
16418,0.6022201247200416
19562,0.7029100188295104
54980,0.6391950180335856
8983,0.7857708284337733
44060,0.4480991110861835
40837,0.6954894261820059
50598,0.7754765111996359
96359,0.7777820351475209
106537,0.8174454530602255
25890,0.7811004616152953
82625,0.8101236688652832
6701,0.693536789346896
8350,0.7805558184477918
82763,0.5734625409698203
101464,0.8266797751310502
21356,0.7298658244612342
39215,0.465092696481925
67377,0.7775948269658735
28181,0.8020316207709478
41563,0.7737506021713326
26345,0.6507042218697091
16648,0.8047989950428631
31584,0.9173393587373565
1960,0.6836066934001707
9044,0.8145515452628352
91655,0.8346522412404702
46682,0.6954742730438647
50998,0.7819900301350045
67563,0.7884500071679555
21973,0.75600247662452
66386,0.6899614304911331
67164,0.779547158147552
48558,0.8089631261703096
12620,0.5420861640704245
64680,0.5967945195198847
63616,0.795542400761844
107035,0.82353723232848
59071,0.7133304874158096
102880,0.8114599608671008
35126,0.7129208709125568
41487,0.7837228322731259
31091,0.6853176072302098
59940,0.8069463713914151
46433,0.7737717149832555
31705,0.7932197704370322
80481,0.6417512715364421
12116,0.5586011757307959
35783,0.8100108818281379
2593,0.43646019202433944
47474,0.8072268990312299
52930,0.7334207943014897
44350,0.6859765642128959
77265,0.7730733866570935
55073,0.7689687724092676
41302,0.6703512153816568
94253,0.8098395101639911
21658,0.5921018280702107
38103,0.8013294696819185
73971,0.23070519196144013
39871,0.843410117929395
78320,0.7749799027755601
11438,0.6937956562143149
59470,0.8307737687743314
55759,0.8159952641636781
104592,0.724225830081076
96295,0.7710443273740901
56214,0.5245420116255284
89317,0.7049058334727614
99372,0.4364567741599477
47947,0.4283483272135297
92170,0.7280173052291659
1522,0.563681758428679
49519,0.812767954162646
83847,0.6556809142161726
25956,0.7710787832649867
54284,0.297837793537278
75756,0.7675846861804033
46005,0.6836500802798038
95327,0.773406665931811
67211,0.7579586881276408
57848,0.7147825525585596
62669,0.8042580526680204
103424,0.685176220361194
6568,0.7539558985139926
20985,0.7879244951782327
2606,0.7398261812339177
51468,0.43026476741032016
58979,0.7382603584743297
44348,0.5949959411042219
97129,0.7871277338063162
106323,0.7668196629120189
83866,0.762149996596665
59690,0.7177220522864757
77224,0.803738095631144
55814,0.43130917950382963
423,0.8488912997861782
51386,0.7648633514181845
54584,0.8043220521219439
20650,0.7605877280524419
67619,0.6049222737640904
80649,0.7595850938970832
98240,0.8066023724446492
51543,0.7658440103417158
3995,0.7444691409386782
68167,0.7896668953285472
6440,0.7952596252728208
42990,0.6992511677279001
27893,0.7343502625246954
292,0.7489206456971089
60869,0.8196393937631963
83757,0.7283015629202879
71190,0.6519991197908258
43134,0.5627042855728854
26387,0.7951354640057208
41140,0.7433256789532932
41330,0.7092904535338654
59444,0.7263739578513186
30220,0.6253534489923979
57850,0.7874811809523067
68720,0.6198608136538764
83784,0.6562634873837409
75058,0.7177070354993075
9990,0.7014493544853918
70601,0.7649435235178376
496,0.7296147295992806
4219,0.7289294250635637
20921,0.8022680626258684
63436,0.8037180415987303
102995,0.8012167859000096
46697,0.7695871450929465
105445,0.8373361652725801
17416,0.7736277181293633
100999,0.8146768463743589
89296,0.639707961304236
74224,0.6305262594884703
88876,0.7147691538029385
76981,0.7778633508909605
16408,0.729940853856686
54241,0.7706791931032876
12554,0.7698485452478193
90727,0.7338472365148201
28056,0.6556044395004061
5562,0.8182569678914936
80195,0.797193326340191
87069,0.7993733677211812
43216,0.6393068258315087
79579,0.6569540050716618
9937,0.6690994861786163
42856,0.8057123413258575
56247,0.5951333101645645
89203,0.8452857073746516
75302,0.5343441194588588
9324,0.3984977540631238
88477,0.7945810170257126
65720,0.7800740001273914
83822,0.7831349141474129
106308,0.7680920788301914
88320,0.7060863783777909
3472,0.7767405449417385
43027,0.7282995040205944
77392,0.7780865449350483
41026,0.5548558144818007
34970,0.7617134348686161
85811,0.757671012572127
51037,0.7999324449884915
39911,0.7213901843443201
54621,0.3958815606725029
63702,0.6074085155873042
88917,0.8143325938644942
15936,0.8312749040507134
68562,0.7685817969850943
82320,0.7905189076371628
95565,0.8223363827751076
98754,0.5297218760119412
61204,0.8135352202447512
94434,0.7365618344027108
62405,0.7749501811040747
65452,0.8127487263319099
35549,0.3968929940106576
105446,0.795372779003982
29245,0.7355110956240505
40566,0.8171163890900439
77668,0.7755607851910623
65167,0.765427501296774
25913,0.8016995610207538
67005,0.7704260166164784
65537,0.7955371929247537
76894,0.6709812114176612
79304,0.7244347924923488
47879,0.7969527693176415
71762,0.7898455961282458
94313,0.7885212661749372
23432,0.7953901366248869
96020,0.6964219304868788
95380,0.794009570985249
76613,0.3386913084508376
90665,0.8158162448521897
77768,0.8065918891142874
83357,0.7460034438983233
70714,0.4862757109757785
89872,0.8230670112264689
41797,0.7495145246328615
13868,0.693890374690279
106550,0.7810402953281026
39844,0.6869167496225855
42075,0.7971463102518804
62095,0.8019312414925929
70425,0.48936756928101083
78138,0.7804308158525782
25349,0.8037985098356529
86030,0.5472109426637143
11281,0.7849886772106541
92556,0.8270474421211778
32183,0.7517826435319281
95511,0.7625037557875388
14000,0.4925779983924306
8192,0.7593969829583681
46625,0.5960014113598208
80759,0.7721287982472316
53529,0.7879916068431166
39661,0.79074049472822
18735,0.6453509735859316
43096,0.7918904244367935
35406,0.7131041538905668
19563,0.8149602080660421
44955,0.544400640027821
51195,0.7815399469354587
104716,0.8840380378854827
78032,0.6993829191281519
54763,0.71965027320734
54472,0.7138107609933108
63165,0.7716713782290762
59237,0.7044975804792394
80008,0.6325996305652073
41274,0.7263985555668617
69397,0.7361760974998762
58538,0.8027818751694802
12556,0.7843770039047859
22194,0.5129931932866936
13877,0.7751704680317905
28486,0.7408758882902151
40470,0.5346843424068803
3803,0.7786215676181916
27605,0.78974346964
12596,0.32981489646379103
51958,0.6949837095129286
100371,0.7981685569234844
35292,0.7188645189097572
106651,0.6691283289544544
67973,0.8132887249023607
24261,0.7201627937899738
42465,0.6185035760678689
13861,0.7742782883909469
15827,0.7134146614165223
96979,0.7130972999816535
21464,0.6489979076124951
33217,0.770783174355356
31921,0.7866673588069161
87306,0.5793479943717115
82440,0.7489501020523259
100467,0.7087226880819733
101153,0.7847901774640489
59418,0.7109534263617708
34456,0.8639761238174296
78306,0.4503442480287379
60321,0.7156868503921353
106857,0.7664163390061736
35073,0.7638482843265973
61217,0.7715674844688821
40071,0.8230829313388337
82248,0.7521320747156647
74965,0.739091235853936
71583,0.7333665220691726
83997,0.6411436006997626
80322,0.4987060838058797
1386,0.8056119666990591
30888,0.739982075846469
46174,0.8023683700714059
68484,0.7932647128540165
17329,0.7950251071738949
93726,0.7138719462199627
14464,0.8135228772016302
67944,0.7973615448955753
95240,0.7932163406419303
43653,0.8066427732734799
74712,0.7895375578687014
89456,0.6866496835166522
8122,0.7860939113543177
80123,0.6873206848352934
100955,0.7901797659807643
19190,0.5378387039981711
17483,0.5236147522880865
21509,0.730122146110489
67611,0.6556866773173012
91018,0.7819544612792902
11502,0.7904217810396771
41634,0.41657772947195293
58647,0.8106678786723772
397,0.758559850477872
94236,0.6571782569720489
34471,0.7597680337251442
95449,0.707343597980014
45263,0.28740952567531886
1312,0.31872603540746897
1701,0.6816373944761508
10211,0.7492936246938958
19877,0.7739347930195716
10820,0.6143729051490882
48605,0.7053703539678398
105197,0.7853079685799212
101055,0.7865267312423815
72026,0.7383479480669181
40241,0.641243900475558
21775,0.8526599838691181
2675,0.7536925991036906
44002,0.7741462563349423
42988,0.6338559957013324
1719,0.601513990300671
44005,0.8240951310830829
293,0.6932047838175187
67526,0.3108262599902479
20436,0.2825025632164871
47583,0.6886148919114797
54329,0.5584713514242968
44312,0.7889179435744821
46747,0.8053899208437906
42297,0.6476255623386707
36740,0.8240356496754653
15115,0.666309027154338
54215,0.7735398740149585
50632,0.7043946082243717
67796,0.5573719989787023
24974,0.8124836826766404
17987,0.6842004200773367
57932,0.7473198261877645
58445,0.7939961001837622
71758,0.6886916211490626
27568,0.6397279776270837
77343,0.6900743200067759
74960,0.6769730822090065
71199,0.6217647641015329
63696,0.8013031012501449
7032,0.7566216804810055
23824,0.7303696890295939
30498,0.7465204231577768
71626,0.7824540955587101
45937,0.762652622643686
58185,0.7555971029090462
63250,0.689401037081852
93821,0.266753480422213
75253,0.6514144468182721
105476,0.677728793842188
94786,0.7623926251994486
64336,0.6502013049406122
71947,0.7186864445389188
92182,0.8058254994955268
20086,0.8192807641439707
76618,0.7440569883073261
14910,0.45035024747155333
37519,0.720727545885361
18587,0.8032229050550024
72152,0.6966537907715636
104014,0.7657688906137443
40614,0.8305245816897427
88400,0.7211515610513707
31994,0.5065244849623686
87528,0.6913537829977403
63934,0.7571185388818653
49409,0.7119989110829352
774,0.8439220817455555
32495,0.7621746215824028
88382,0.6598793515685726
15155,0.8040183465210932
93745,0.7591079450293816
27703,0.721756541228848
75787,0.7956239918947466
90254,0.749922439021467
13614,0.7299779185962008
28304,0.7837932660726559
41678,0.5933363861407084
98764,0.5844046338387224
82284,0.788905254376542
31660,0.8078324632098672
67449,0.7695912373265259
32695,0.6048142656132838
73704,0.7812587702081991
13185,0.7771534600022816
41481,0.8135912887058442
71990,0.7893873223896618
64342,0.5893790809391625
52716,0.5770065572819054
23590,0.7956777774623893
19738,0.7802890114087073
81722,0.24387516882977014
43441,0.41805575583997673
56076,0.5457454969454731
36062,0.3333435142059831
93470,0.588821896322781
57631,0.8165609981281037
104065,0.5690122451900176
542,0.6897232980616868
22750,0.6601168749636724
65825,0.7929997630998272
63929,0.6989853742310489
71150,0.8039520531040799
82911,0.767504449314038
65991,0.7892303135340025
17471,0.5191831638617899
96142,0.4144912141614113
20569,0.7815420083717597
38497,0.7346368631800382
2685,0.6664267434944278
38408,0.7973512364632989
100635,0.8195342478465661
29619,0.6984264625023419
63490,0.7101786801327479
83339,0.6274593715914408
36539,0.7505944720624711
79339,0.8025330874441089
72290,0.6866109689303632
3220,0.7687902531933796
81270,0.7308414690777305
35843,0.595331655380067
44327,0.7196914784714038
30665,0.7470113412012428
1548,0.6962168086280144
75171,0.817183353183406
99712,0.8095221310616402
33884,0.7647703714171272
65379,0.7308589867689966
62016,0.8125323290465034
35402,0.8208563861355228
42879,0.7941930675620295
74818,0.49481557240101187
12495,0.793022769130808
20003,0.788871327271763
22125,0.8627428951689194
70889,0.7709477817950868
2024,0.8130314295424964
95385,0.8339187607812555
80643,0.6362522549723805
86163,0.7060012408302017
67694,0.7260842256686276
26798,0.7858005131768703
81103,0.8266767060978978
19085,0.6962130771563846
4898,0.7749539682523519
6355,0.6995878728208162
14518,0.375955374908083
14647,0.562898303917509
42001,0.423579679181787
77785,0.8650807644082635
35657,0.7413969160373108
56488,0.6911780265934442
21443,0.7944506641461446
84978,0.6791921033951843
89651,0.47456098077290365
79791,0.6468683962951098
97990,0.8085259889014522
71970,0.7641292559592683
92259,0.7530687649954111
63637,0.8033208409168182
85746,0.6860899627721715
72226,0.8080935860822535
8706,0.7561021946361637
53923,0.8166394142828814
21760,0.7437609294394844
52327,0.8194921190887242
13615,0.7814189280611753
3156,0.7740802863253934
17888,0.8460707299220122
27794,0.7043605750214917
17951,0.7990139126275346
106260,0.7712062384733285
86128,0.7106279111387118
78519,0.39322100776530744
103081,0.8158384567741268
8118,0.7919947295446156
83982,0.8113863780457035
29893,0.8045452525574834
49405,0.7695881717021479
52266,0.5166107845838508
36470,0.7375221861213185
1846,0.6107376245856904
3349,0.7840892896099722
93690,0.8118404625314369
50314,0.18414333446995157
186,0.7753427190798204
65432,0.48111071793549587
37728,0.7667248194476628
19567,0.7192775987277261
30657,0.49793364645333427
82531,0.5220525700994796
22826,0.7977504286530367
22919,0.45996457274476227
87442,0.6894631858553804
104588,0.756055069467352
64949,0.7479994039826121
63321,0.7168045806763845
44202,0.7871204729749676
85518,0.8216172360699052
70363,0.5670972957638661
38760,0.7531047025668817
99477,0.5857479636254759
41258,0.5346159123985256
88460,0.7220981731369246
49151,0.4884562720974837
96318,0.7750388643450928
15268,0.7679285258379857
39971,0.6078745086728919
68688,0.7749230341934641
106285,0.5612242048502005
3186,0.8396499785074345
39622,0.8072131628779667
77353,0.742407039269866
88812,0.800231906061668
6527,0.6193468068456359
59187,0.7659435601871591
61590,0.7021857588207855
56408,0.7265408014470081
94523,0.807539560831544
35641,0.8126233694904768
74177,0.7955145541892066
103345,0.7561826258026655
43538,0.7952461802501899
28070,0.785499138041401
18799,0.8199349657444385
49071,0.7979147640521592
95746,0.7968509943104245
32734,0.26928800867002584
94400,0.8177156705780241
85387,0.6391751471517758
73483,0.7356400131965785
14503,0.6718111161603262
49355,0.4927405651125979
104699,0.7002942572169708
34977,0.7576895358518194
105745,0.8375216659423542
46195,0.6322871323150449
21807,0.7954405604086895
38567,0.6006879215653819
22107,0.6153651039099741
29812,0.6950199606916373
11423,0.38574555657630166
17429,0.7814819545940929
33210,0.712958294709634
24307,0.7121193362623567
25930,0.39053696613048333
83021,0.7675566058337562
102384,0.7061992315331742
16069,0.571174989784574
89177,0.8203339817407119
14322,0.7756222601635321
47929,0.7360289588923128
95274,0.8412355210265038
91895,0.7508939851549643
30333,0.7617212818671167
63018,0.48930579320014206
13130,0.17821864834807344
48136,0.7899183691991577
65112,0.5416670393593159
96303,0.7325565995616121
32221,0.7699355570531593
9939,0.6683170406646469
58276,0.7326971978675003
95046,0.7552094752727183
95608,0.8049513343037914
5449,0.6135526176950575
60819,0.8001114813260973
106929,0.7014264384318499
70887,0.4422091490121159
107168,0.7613872390269499
1665,0.7356164722010767
62485,0.5602344058664407
26165,0.7936940730491868
54830,0.6391160435499794
98131,0.8024067724707795
11417,0.6750991380654918
54957,0.7805317953947872
16542,0.842288156219948
46696,0.734026951642368
23398,0.8108802281425753
82966,0.7954189346649225
98212,0.5183048636137474
47665,0.6487592206890915
71236,0.758436939165708
23789,0.776260392943855
52331,0.6962425925970233
42,0.7722997857762444
44162,0.8098728074710823
89991,0.6357938975412852
86732,0.6898134078747609
97084,0.7940747466438556
96648,0.735860213200549
43358,0.8104502850714068
33225,0.5820669600357731
100947,0.8149297699949152
30048,0.8107402855241936
13538,0.7598939424861996
61920,0.7967860324458828
90739,0.465383251315487
33099,0.7529016941480999
5687,0.7962105403944645
37971,0.8079771781078682
104107,0.8046883611415989
15261,0.728887824381678
79583,0.809786446883671
12417,0.6881960944427066
42928,0.38771384650312074
81291,0.7851811417223137
44398,0.7835392135308447
64245,0.7981798585727331
62296,0.7661239650233791
89490,0.7694408603833518
27804,0.6090772151560788
86896,0.808119505683197
31142,0.7219808544871731
100499,0.8204988579765017
41462,0.7329140061410157
11490,0.678761825174478
41182,0.5953108209513809
88788,0.7871482661323775
85936,0.32104309294328903
25717,0.7910960273339371
39604,0.7891868171474942
2113,0.4900914293268814
19841,0.679954032632738
85276,0.7722268618670686
38085,0.7463644876399336
33856,0.7135072709974362
16285,0.7803693022473327
102958,0.7742560930091108
32690,0.8063881795177281
65286,0.8591736789244936
87828,0.5431021969814044
72944,0.322554152607057
47478,0.6775568007247488
94238,0.6234013030207911
25276,0.7577400947926364
51125,0.7521139354912131
59341,0.8464546919896805
37015,0.7524077582030965
48326,0.5959065656229485
55339,0.6772229226420078
54809,0.7900194402634066
95448,0.8046684043302696
92455,0.8056579675404719
41479,0.7323034435274489
50990,0.46858844454954074
97606,0.7347727323796769
64386,0.6418862953600477
59016,0.8250271655452277
34793,0.767770563235676
35103,0.7408248884812519
62419,0.7846669823714222
44749,0.7648749685210907
51217,0.7598419325437775
76088,0.7821588394572223
50731,0.7149189762521554
21634,0.4858132084751017
99187,0.664304995092443
74983,0.7548395278125661
74636,0.8047490648788773
70918,0.8376377858398009
48025,0.42088822005402743
1202,0.4598068237589772
29773,0.7879625831181746
104392,0.7834074575855605
36134,0.781597662597975
56611,0.8180890735766261
98347,0.8103783437325537
76408,0.7674725204611759
43641,0.6430067912965342
75570,0.7608462563149444
7090,0.7709995497145318
82189,0.7212983837791799
48190,0.6978882943016722
4985,0.7448442288305154
1702,0.5163418641046836
97091,0.6702422982243629
67132,0.6167951892758641
52003,0.3174187386378672
60130,0.7622075571599495
52734,0.7636453145405913
54975,0.5255357011570533
79908,0.7914369818901485
75883,0.7907496967500235
7708,0.49148948130416326
20788,0.8219513267749449
29713,0.7147534098105806
2168,0.6926098027114004
19624,0.7144997788205278
15339,0.8141823457445833
63973,0.7736123740998597
104124,0.8027341922044613
82919,0.7853184051106521
57759,0.7773366975299673
30517,0.6963108498941455
67562,0.7971859218384918
60871,0.695704751638689
73670,0.7903449920775274
12046,0.7830301039950539
29703,0.6656401892711363
57997,0.8217865020258507
104071,0.7424487149447869
23798,0.8311879791691187
63304,0.8059907219349592
29328,0.8059785221446916
54042,0.6823230217091707
43085,0.5346071859362486
41458,0.7956172012868669
65632,0.3772604900621156
61938,0.7977701298639921
43481,0.20997431729430974
23810,0.7862439004073798
74207,0.7737464542611058
40078,0.6654667235631879
67888,0.7416042433731649
54635,0.7959361190501123
37281,0.6695531076859134
92696,0.6551038678080462
40103,0.7987584766211184
12388,0.7646757165716171
65827,0.8041766775550946
13632,0.7198750159712302
55474,0.5514359866359941
5448,0.7522194393291475
39340,0.7976461404559311
1321,0.7805709551101905
53096,0.7908115046106112
93846,0.7952688225010355
84889,0.7470585822683815
53938,0.7344581706847885
104973,0.7952045007670289
74968,0.7799510302979348
26581,0.5500262993756765
84369,0.7127670215646017
51684,0.7753898913323274
24583,0.7928669862976483
93592,0.7814555269348653
80678,0.7073599510067183
34799,0.6473569418316444
50595,0.4118389877536384
107043,0.8054624534540802
81783,0.810981803499034
8163,0.8006802108117148
65011,0.7988326186858155
88170,0.6981017290248619
18337,0.8896152244624093
72949,0.8292348503342476
70736,0.3001723403579114
96312,0.8661197156453013
83629,0.8042905857261321
85060,0.7184322908701359
65661,0.8026098154034014
66651,0.801563484303101
74786,0.674783540103208
57298,0.6555973310696764
42230,0.5389437650045051
20537,0.5676646248926444
97674,0.8018261413103517
65960,0.31897983001868935
55108,0.7189752358998958
49101,0.8011554240384837
19384,0.39389861756111044
29553,0.7536770585015342
40469,0.5997613530728704
63625,0.6340125538886193
32081,0.7437653926613363
37229,0.8010356234992035
92189,0.7099443928007423
14893,0.2972259958111468
44609,0.7907657628360473
63754,0.6525619038871683
56244,0.6628107338685582
13791,0.47160267370076786
97514,0.6688176487172662
62715,0.5455683134009921
80723,0.7861150101050465
31649,0.7029426248922056
35868,0.7404496415132794
26020,0.7714264441585895
94291,0.7047966345234565
63036,0.6362214578325949
71036,0.772901266278746
49693,0.5814378184658665
7862,0.597969192243007
106251,0.6714183708174756
6411,0.6926282737232198
2227,0.6833234106185061
12739,0.6953275139465096
13897,0.8110565730042937
51843,0.716042331014044
68337,0.33931975917581386
62399,0.7441898032451679
83642,0.5606282056568165
62576,0.7640176890480643
76355,0.7830240829633345
88532,0.7940758398661887
870,0.7717128289248916
26067,0.7759888181657453
45412,0.7768889754747719
93632,0.7880396073567689
34710,0.8070169462999991
49010,0.7639795005492798
20800,0.8018260303831538
91234,0.7478222477083257
106720,0.7618200363318839
39399,0.8197127983095522
30906,0.6940814296737544
55880,0.5109698175667514
86772,0.7441279271735857
50257,0.7181994079531531
89524,0.7756252757925534
53238,0.8123639524418049
8234,0.6924163479507989
106696,0.8074500984015275
29446,0.7035181078091739
23987,0.4552601551114038
64819,0.6678962252014721
35094,0.788743992080684
45865,0.481302354683123
8562,0.808723908728106
75593,0.8071516554156166
8341,0.7430613125966268
59981,0.7305915820581468
87038,0.7375668001597092
60298,0.573950713813695
660,0.8157257646899883
6334,0.7899062088583513
40173,0.7901804092448863
60604,0.7892403664355894
77550,0.6804462960058052
34391,0.8142289580348909
65498,0.6213976709217505
12883,0.8154213354258774
28396,0.7772826076670767
20072,0.7684227799352596
29955,0.8209114597138712
93410,0.7808886142446839
19195,0.7860920892224077
86600,0.5419685749912431
11096,0.8031641951666407
100641,0.6483716294130232
2876,0.7727386257018019
98508,0.8169413344671623
8183,0.7956665812632194
61746,0.5439854785849966
65016,0.6821515739956238
98667,0.7970152791771307
26907,0.7541273530450882
118,0.7823859979058522
17226,0.7541145724138785
101387,0.7606027641559979
2477,0.7943989564483795
42711,0.6754452241053556
45007,0.6909444573765634
16318,0.7913429203134037
86150,0.7169832209037612
8105,0.8007792139674856
29329,0.6591633271586214
24199,0.8011146067177939
28490,0.7710103987069562
15922,0.7767907823215106
59384,0.7751540445570834
11373,0.8053502330524313
101542,0.7102347658330068
106469,0.565030305912669
90450,0.7899876715341676
57117,0.8010983341523669
46768,0.6106552504178222
101203,0.7916929474645185
73606,0.48884561775607244
107050,0.666869575094722
92108,0.5734915382767614
20429,0.7260046239705453
91152,0.7738660562215274
78479,0.6973195789380009
104962,0.5263948213682162
65927,0.4083323316081765
29567,0.8110764008636431
3521,0.7992646531238103
77782,0.770765615758798
74900,0.7261145637601372
20583,0.6876333557966884
51369,0.7702910541508107
33036,0.4778551112016631
1020,0.6544586550034464
81918,0.761446318767326
71786,0.8003709904878242
29021,0.7303247818366111
42473,0.28934905463688365
76563,0.8090486345291859
76009,0.7674215206522127
75090,0.7853062016985617
91847,0.7850174020997136
78056,0.6906732462010486
22275,0.6668491406288902
64351,0.5216991847375237
101193,0.7069184920062197
49286,0.7868510937315889
89043,0.7833366351857571
41575,0.6522472967419555
105212,0.7739414833073173
796,0.6871595634354408
89918,0.8106501361484764
26836,0.7919534344673375
15916,0.37136140156291675
66393,0.7267142444297943
74777,0.5803606821388185
215,0.8185775435697503
70103,0.7170776303175197
106169,0.7752000936894657
81879,0.6933032383101451
25104,0.591349261599475
37041,0.7400386251400364
91290,0.7225532217844066
7967,0.49523356994407625
61699,0.6260770545164521
11430,0.8227066111750773
99907,0.7334541366594395
15587,0.7433102326605597
17770,0.7775341519191123
51183,0.8139776096453468
10924,0.834007842280741
5241,0.692715820138
79879,0.808830695039707
57849,0.691396697194
10135,0.8011870435628298
28930,0.7990719420932422
84980,0.8582431108034384
35035,0.7876247028503093
1544,0.6993256517194596
57299,0.478071091143017
53790,0.7918622770509179
27413,0.6336887657778861
38165,0.38105577394738666
48208,0.8068962060220007
56627,0.7348828857857933
65033,0.5948645896668245
62849,0.448332980275205
53653,0.4757510884261783
49325,0.680156250215876
72723,0.7683220205430592
90690,0.8020499611485928
106400,0.7994919379059776
33103,0.7041801463238515
25088,0.8377148991326245
101515,0.7764008412636728
97145,0.7940958486613263
55520,0.642726526416407
77374,0.6811847910561194
30393,0.7478088444076723
51247,0.7654178181051693
102444,0.5943981057177338
73823,0.8063111948706273
77961,0.8157168003236698
92334,0.7789224752544651
20875,0.6829023769937744
8968,0.3204368583368594
46253,0.4717386247109905
65138,0.82333032313561
103803,0.7816905579478033
48240,0.5842171603408065
37216,0.7786696919129615
37070,0.8499666908207708
100791,0.8152896750416755
65296,0.8278294842635183
55217,0.43156013801481014
61439,0.5921190810133373
28910,0.7602179419409412
68977,0.7737116978299394
73799,0.7935120931461795
87205,0.5990340388023484
24133,0.7679601706263206
5545,0.802240058621563
54239,0.7992762370757759
58376,0.6189457531834924
102502,0.6676174510919839
4217,0.7956906999749535
24943,0.8279331894048663
76677,0.23188922745138044
30672,0.7953027784598631
103813,0.7901745555271733
19301,0.7787439875697395
66545,0.7545584539166654
6418,0.7316196752126953
105393,0.7768322301766807
26256,0.7565426878172696
73036,0.580245856439358
90905,0.8210235799827742
53703,0.7953311526408876
19896,0.7783732239922004
38549,0.8524343127823529
50747,0.6623759378856106
7384,0.8053469592087548
38634,0.7224386687868922
2243,0.7761668061809675
34358,0.7533004093910551
9905,0.5899218487126573
2600,0.746400141146877
30934,0.7519988961752281
11956,0.846001379544589
65971,0.7195806796706815
41054,0.8474765879925026
86656,0.7305914752498845
96579,0.7599140269845338
468,0.7987601367963013
95086,0.5837855640606937
36410,0.7742596855731868
61026,0.7430669370742662
49759,0.8021821747928466
18786,0.7726971431907594
81012,0.7807874031898852
19445,0.7783033918413391
50756,0.7780154174499426
85673,0.7441619126536251
66960,0.7906547620654462
31365,0.7648037683154661
37640,0.7912505487785637
101325,0.7552125340795477
104267,0.6070569300581931
64787,0.7966723248421556
54097,0.8066574647712563
90089,0.7980576645767625
79611,0.40044022820570724
3872,0.49611617888286796
90845,0.7705195965618172
75838,0.634108435892887
16157,0.7845753173050615
21349,0.5670783429786084
34130,0.5989826072153038
83045,0.7984093823911732
83033,0.5998307829883611
18190,0.642589757300346
98007,0.617573626071225
95308,0.816545690742924
7197,0.8070108612117287
79403,0.3907758166750546
7653,0.7169010558073851
59611,0.8299965631146315
93070,0.7153427368963486
33837,0.8060782698410782
86990,0.8343345153508129
38486,0.5012731181256742
49647,0.7729865458585989
49217,0.5821653872582049
89090,0.8100761063025677
6634,0.8043303468771555
106711,0.7479387050744307
98643,0.7331114003084809
64122,0.7764168659117837
95757,0.7621754237806277
52941,0.8164233880390097
73928,0.7445981834995982
96735,0.7857291200914317
76375,0.7434881138675197
26187,0.7967234632923621
61250,0.35566565926931026
101730,0.7056146358261719
96681,0.3644504070421897
81672,0.5782010645265778
941,0.6798675679356776
73571,0.6801604680059765
102835,0.7441598333012857
84015,0.5822512883712433
15822,0.7613703121899006
26528,0.5991920059496905
34458,0.5985227226533101
22406,0.7932504436625448
77570,0.6382996648238437
60677,0.8195185208980797
16163,0.7680655267507008
58610,0.7207672649238184
87762,0.6363319748413061
48705,0.7283840166262238
78339,0.8374605545724793
27015,0.8567932954517442
63869,0.5858703158986504
32867,0.80855000569616
18094,0.786626537029964
31953,0.7212151096948894
3489,0.6675130426068665
8990,0.8065345316216318
89863,0.7921538917647392
18547,0.7968408310852768
75256,0.738258558641485
93963,0.8471767340225768
71978,0.7540786757476997
30679,0.7826264545512605
102609,0.7448677652809848
83019,0.6079810442331893
48135,0.6940966737125445
61409,0.7753253096171392
58564,0.7957893877555728
3946,0.5920758486648071
106020,0.7908931773710092
3723,0.7933552983908421
22108,0.8083284983517804
4674,0.7981134715387042
4358,0.7204231196128047
31186,0.6123428027811408
136,0.8138888942340208
46915,0.8177602822018664
95526,0.6708059004265439
12145,0.7521413238566718
18631,0.727310898107849
95178,0.7399235880965677
6569,0.713890153619901
74472,0.7548545309646371
53618,0.5054793820239288
82117,0.6551612806577765
33139,0.8028096969108833
101127,0.7688638741969053
78109,0.690894289308536
71560,0.3952226036898169
4873,0.7789146123483509
38063,0.688767814072818
1060,0.7532187737909578
45447,0.8073306420596842
14151,0.7073969203005519
79580,0.5502628955841595
37219,0.7610628657432905
84736,0.7167670046207207
15780,0.75959617582242
82921,0.7140688733853453
40348,0.7919956394521199
74895,0.5162491818032509
93609,0.5275624038407386
60230,0.7884899895342296
65745,0.5307444537696288
16278,0.46004563794328907
66171,0.736808452407715
76515,0.811156165482441
87170,0.7796700467345538
104704,0.8216239679553501
95572,0.7572257016566389
41881,0.8009240116880503
30757,0.7956527857937321
83846,0.7292929367577867
72285,0.8374086718909655
29064,0.2253904128322002
5381,0.7804721114491617
83070,0.7039628210528966
7175,0.6538300406573023
49176,0.8211403645912146
51188,0.6713526860087119
60730,0.8490739282795173
89396,0.8046505893654758
50581,0.25833317153017377
9406,0.5093002998921383
16599,0.6983242538129234
69783,0.808574916305451
27796,0.7527745014153814
592,0.7140461936734902
18133,0.7401726990518629
105112,0.7666277648250266
51799,0.7069192192114094
75583,0.6523685400272154
22160,0.7700441588988278
28229,0.5474325948055482
59965,0.8092323140612758
25798,0.7894230466286725
1799,0.2815838121797651
37007,0.720667778708829
99962,0.48837395247000476
106489,0.7971084156772144
39063,0.5702725463242322
46435,0.6920918462699731
45589,0.769762774094302
6956,0.780915782460134
106021,0.790198461261528
92285,0.46548705985632294
40437,0.7252150109404245
7039,0.7530920173813531
94842,0.7756048526893027
105806,0.8018925934661735
19957,0.5628576167871427
91743,0.8010821237615633
71819,0.7941192905893242
71859,0.8033161140120687
77846,0.7627256954026741
75254,0.7562099300850241
86699,0.777292516405916
41680,0.7324236050949892
40684,0.7222004818170566
102752,0.7961173435428746
59996,0.7250803143591543
75002,0.7469317917710335
83944,0.7706081406112172
71542,0.6395344592360281
102795,0.7045063160315812
13533,0.8067349086619275
86443,0.7368200331503616
72601,0.48070273764392
48252,0.7896795870076133
59918,0.8068626914499313
70105,0.8056414053002432
36420,0.6383631952872326
72545,0.7321133020954932
66628,0.6435581400912679
87076,0.6264056421814377
56017,0.6894450057256368
36830,0.7962680796262782
61259,0.5361219179862247
106785,0.8015823369289817
102001,0.7076899112714996
41694,0.7457767422254532
59274,0.804844245953924
69342,0.7642996446802576
52666,0.6722661648078082
78739,0.3924351171167518
103615,0.6665923281161323
96522,0.6459950228622279
33713,0.8658520995904433
94194,0.8059059724905303
56624,0.8148720748693765
14026,0.5134389337077468
37800,0.5948771521364774
101163,0.7292841830253152
50282,0.8173334961829362
24359,0.8277247297878068
37213,0.709712923388847
27574,0.7081524955827603
18777,0.714902841387008
32485,0.7839393880132763
95455,0.5788661300328578
56526,0.7931392014104645
9732,0.7155949498362815
63133,0.7244790611082744
6017,0.7037876827730118
56227,0.718919913765086
81330,0.7298145383152276
14674,0.8098957502111548
83842,0.7807849352372724
59121,0.7524610464358911
4795,0.6407999235270899
8699,0.7935941728456571
62846,0.7575123363997249
3664,0.8094914511273222
79101,0.6554106120471449
97114,0.31856903180700336
61736,0.7793552856263672
71338,0.7394480618054458
75649,0.772177933456638
47207,0.6609188277568567
69617,0.7829204550875379
92019,0.6645325921367029
33803,0.5916710862561958
102709,0.775678782755034
60644,0.5556955546746569
35921,0.7876719956171919
53503,0.7727879137379239
39017,0.7716969656254322
21033,0.7736402078784971
7356,0.7320363228811264
63010,0.7180882728200305
105483,0.7876041496455051
48414,0.7298701695122429
34491,0.4371556910678102
98515,0.6911638915425685
44473,0.8002509506707842
16918,0.6747890577725851
5705,0.776494205319971
50265,0.7830222581328115
69220,0.2775834564309863
54833,0.8465395272926127
28549,0.4932824784199946
106607,0.7575411814480794
82444,0.6811698833497296
61201,0.8231069319507405
33681,0.8092494377195345
10979,0.7149080409041146
17203,0.5906558532709247
75276,0.3796245250531931
46716,0.709273118780155
27002,0.8186834107439692
875,0.7359081087523585
73244,0.8059113219226912
42973,0.8131892772846391
87462,0.7560585486896817
79246,0.7605720295104084
80060,0.780862977350084
83791,0.7462646196422197
95066,0.4850084468518721
65369,0.7860038613368265
17234,0.8645155828073111
33597,0.7079918377762162
57641,0.7966412657965403
79712,0.735318518054709
90671,0.8049302587753377
68092,0.7642529342456558
87841,0.828484610920119
26092,0.2583152822825058
19324,0.789506576086973
64133,0.7067821228530131
64722,0.47785620200944773
67293,0.7688503243189557
13110,0.7446723766090817
15704,0.8601955885624131
90272,0.812122141058684
16320,0.7335036275176339
51605,0.7118302812894985
57816,0.4787117225549215
10303,0.7240807890059817
81915,0.6090417093626896
22954,0.7315711024510528
20905,0.6282959029913974
94219,0.8137171719010922
59383,0.6338254803535579
55882,0.683353553273621
105848,0.775669800918747
76012,0.35642078913833997
28343,0.7101737169573279
12621,0.766005034023371
20544,0.8177436740852165
68058,0.7623966532344449
45481,0.6964148856866033
43866,0.8016151471275478
43638,0.8032769959121188
78798,0.8089978026733744
51931,0.5929703837687106
81788,0.6943405419729248
39806,0.7979341944209033
104308,0.7486466643243244
23191,0.8035164148698091
58799,0.7908351103728252
74274,0.7719217936086806
97712,0.5805608453672955
62011,0.7285921700217229
97060,0.7933090468047833
6430,0.7203025080870533
42197,0.7246674299775802
33642,0.8099392061162487
34385,0.7801334014288124
56499,0.7401980648778876
103727,0.7209045021782202
22082,0.6369620254176999
5577,0.7123306530004313
18877,0.7334140949236791
72302,0.7840712379839191
48798,0.7516867547101118
95670,0.772927301360797
12360,0.7817840657407522
99919,0.7849915527248473
57548,0.8090101785126328
8498,0.7977760475704299
55369,0.8229527905844514
64135,0.7713403317015428
96186,0.5501785761424087
88968,0.8440737176627143
16581,0.7770596562140952
69477,0.79733039999645
60073,0.776741268738154
78470,0.7788750160257695
73934,0.7236271629536521
48728,0.5098385408133269
12948,0.762868427601291
35801,0.7179858732392498
11714,0.7903061166041918
79286,0.7948951698807302
61682,0.7543132630518461
67216,0.4399365600736486
28124,0.8189805158924811
47487,0.6463637340735576
89951,0.7748885658037283
39746,0.2846083312844271
51772,0.5265213187109721
74373,0.7070799951887968
91542,0.667372837446284
11693,0.6847674401439094
58395,0.8404062446345731
10213,0.7853258538506855
87308,0.7297915154534235
52212,0.8051830707363423
21565,0.7710548491241793
38272,0.8000902762819734
45624,0.6902301328087433
63049,0.5710282397772839
86283,0.8198211003251122
61244,0.7470954277100812
84701,0.7368327956014417
94243,0.8476028626286691
79039,0.5904951954643807
54726,0.5218114288585607
52867,0.6373254462112742
7832,0.771630242276757
48004,0.6996718786553289
52691,0.7866293168854276
94319,0.8235723265123692
14013,0.7358656581494072
66372,0.7718386626929118
22294,0.8200389529618619
14732,0.5891175052324118
105955,0.6508932406786532
57702,0.8274171094937061
89178,0.7622808878495284
31050,0.5295929607119295
40074,0.7477641031083734
23085,0.7908443592297676
8847,0.7627494136544409
43142,0.6155154626730185
24141,0.6598222386909831
75344,0.7377593322787263
44956,0.799622891291021
100259,0.6607749593001309
15289,0.7259980018582862
40766,0.8077218630767736
75727,0.7334991483881683
16710,0.6078358031766679
3858,0.7908634512066437
51761,0.7514674864377906
57803,0.6934898982472549
18436,0.24095031319636234
21616,0.7783426654666178
40997,0.6650487078399936
72876,0.7624876788715549
98668,0.630321024003795
17562,0.7855251799410006
53942,0.7494349865652333
7798,0.7970983698089986
6728,0.7072749134498427
68182,0.7461161925179606
32206,0.8126000081480346
2446,0.8285499332625459
30812,0.7496440239695413
29775,0.6961049781049292
4146,0.4734894802860763
10519,0.761307745273388
66933,0.7638806483663153
94981,0.7819704722923038
95320,0.3182082653123718
47430,0.8269039168144008
35069,0.4879077230427305
76488,0.4681139068029736
33904,0.8080921340686684
86619,0.822592361558478
91955,0.7493740672229788
6389,0.508119100502438
12914,0.795416984788385
78123,0.4342449068548241
59570,0.7423885909832086
10892,0.7832974615511922
31139,0.6616884744594865
47002,0.8102151140767961
15376,0.7161020481952193
84669,0.7639513633897272
28204,0.6476842841577425
49096,0.7234302312432372
95324,0.6762001085426336
46589,0.7343794416329339
16484,0.6890997105214168
92516,0.6864325673171894
88724,0.8101065974638012
65849,0.5611207599119595
51527,0.777816455246287
60854,0.8192872614098701
11279,0.40617180498944877
67908,0.8146250455389369
82313,0.7894929824630863
79035,0.7035981640104998
91010,0.7616049699420496
27611,0.4863505403898032
7952,0.7912507895232506
19379,0.7889898752107563
66702,0.42419434936841766
2296,0.7850719206159757
28138,0.5747438583340185
551,0.7581757861469738
67795,0.5100099794368089
39137,0.5397976856985615
25040,0.7805203950331154
47656,0.7717316589942735
53154,0.7004947067824911
73026,0.5585790505128979
50163,0.7859108665644138
17664,0.7207410809919551
81237,0.6938094731129201
43288,0.5386704267538104
101830,0.6615337706454335
68661,0.7390611068339183
100832,0.7554960236601881
4191,0.7660274501233447
62424,0.8060818368393469
40305,0.49801342086264916
54860,0.5316958926796296
92588,0.3165017328936007
76669,0.8413355765068058
46395,0.711086568541948
44253,0.5927809286366527
22443,0.3201036529189189
84100,0.800866601483671
42951,0.7765826686950452
51210,0.7722828214426773
18367,0.7934620482201247
12437,0.7762448909744742
57121,0.7716562398622904
5477,0.5816270554363675
81334,0.7746009970564767
102259,0.7078614953360196
56973,0.705464072536668
55634,0.488520484315738
50796,0.6688164124684437
64854,0.8087680133256173
17212,0.6534842727697091
95586,0.7861275109326968
96608,0.3950493470533604
8178,0.7813422009008143
69463,0.7897736684688751
25843,0.8334870758730102
89879,0.6844565735603915
64458,0.7006592733169301
1825,0.3245185156258515
104937,0.590173770770514
76514,0.6380616323851109
67638,0.7347014162757253
32550,0.36789386905666305
2594,0.6871954146512952
104050,0.7607783467128034
15063,0.6163915358551673
7750,0.7406408828430846
78835,0.8052741342960666
62313,0.5305034943300073
79534,0.5625451912574992
10735,0.6917755529177266
66647,0.7448120090955773
80698,0.819491204685011
106237,0.7286540460933052
14230,0.7284770079898621
24699,0.7887826856461979
20670,0.7759695267755711
24398,0.8124611492047547
28813,0.7481789145837003
90926,0.5661326762598011
21442,0.49790426736366866
15503,0.8176311953268801
104158,0.8331177846019159
11944,0.7646125769810177
54953,0.6604661152560468
100285,0.7227679654769378
92129,0.8218311106670154
86569,0.7955820183426607
51849,0.7529150610884939
59984,0.8111976524156247
84169,0.7632411816189725
85915,0.6159926456284632
26350,0.7331318984047668
81869,0.7143765629911907
101771,0.7784660937762212
71107,0.8013066183418268
8127,0.7284945972653891
67433,0.6954265683834175
103885,0.7958036037026996
14634,0.801828233019498
35211,0.670450606150965
78895,0.7726054403438165
78807,0.878694702317448
14540,0.7713449244568192
34698,0.7638762749088538
103779,0.7910043016197998
9813,0.4955411413790784
7716,0.8167667804369939
70272,0.6739586439862874
98794,0.8469510799796831
5378,0.4146903956628819
75584,0.6945172528340325
65199,0.7658351747986604
69468,0.47393140287988333
53908,0.710410022283735
97132,0.7893922909623079
84136,0.7850699418224789
65196,0.7945380513427573
101330,0.6141922310196963
45065,0.6968570991624862
101372,0.709721849832551
40945,0.6889210543864267
36818,0.5784058273278798
16262,0.8032795598075255
71302,0.8082219906875073
56867,0.8286067336691554
31727,0.7514405980258998
22376,0.7146280305458039
93929,0.7639160848479598
18448,0.8280241355039086
29101,0.8029431885614451
76956,0.7345764233387057
52458,0.6562623965759563
42922,0.7960387307915868
16743,0.7095833626942293
29879,0.7978985712822333
54016,0.7738429095075894
44531,0.7558492385834276
3780,0.750377810366252
18492,0.6918701623129122
43326,0.7679617579788988
97048,0.7985782086307652
102784,0.7529156837579376
78950,0.4096779157310183
69256,0.7910351525898134
71845,0.7975393177385758
23511,0.7791892697947103
41984,0.7071752136183289
73207,0.6370306644975468
100220,0.7934604785683173
55424,0.7512946888496103
61058,0.6773328306163726
61570,0.5696453500282083
85636,0.7881627831330077
91625,0.8010779804762621
37965,0.789012045594914
71595,0.7916194317779163
40247,0.7895846185548653
84223,0.7234053517356831
104638,0.7995579340339283
70859,0.8056424158597989
12624,0.40323062359953127
100127,0.7039210431147459
54697,0.6009104099931839
36640,0.6879446268880932
63935,0.8639216606937503
62422,0.5207210573970593
19138,0.7790383258587399
98037,0.7932769168342358
80946,0.7838863920828802
60171,0.6985918289624895
106524,0.8110905128808802
53120,0.7723173636891902
17020,0.7576050709690307
96643,0.3859234673259724
20516,0.7855901991865768
53943,0.7632467742813849
12422,0.7985219101151325
99924,0.8005749503385741
84727,0.7326694368093819
105231,0.7635405106376519
57263,0.7835416939822966
70353,0.7920374747002891
33980,0.7907418032714646
85067,0.6879976583265552
101473,0.752698985701459
32806,0.7598900223957237
22737,0.7831915262192408
33701,0.6334756037566426
26272,0.6290839934356521
20245,0.694493464134263
57009,0.6860976166067936
70177,0.7246760882643706
80949,0.8175142516423045
68868,0.7633033167574036
3463,0.7523302472199347
22480,0.7802950273272653
51061,0.4919562379552
42467,0.7784524859491082
22644,0.6521352162420863
77987,0.4736005972390691
38066,0.6490668103042233
74817,0.7182098433476258
33548,0.574290336817435
55282,0.8086149973608461
68474,0.7659145094760871
28750,0.7233377489232315
100953,0.7858803233783156
9783,0.6175207582539306
88666,0.47230911718234414
95892,0.8096574843332424
45165,0.5705952254470511
88759,0.7635722667792816
42942,0.7937974030123105
45155,0.7648619106429023
93405,0.7734150072025889
40672,0.6776633726453056
59171,0.8327237354028851
65048,0.660821882214999
96568,0.6997977442385762
55750,0.4488855107783721
94417,0.5552656127863509
98907,0.7071967661621399
26355,0.6835809685165836
75221,0.7948714931734006
81834,0.8431602956765236
70358,0.7884605125133182
60686,0.7968773727332802
16970,0.8014657340153146
105727,0.826282301250079
27635,0.7669483305077629
22266,0.7206325228922237
72325,0.5566351401400649
73454,0.7583699408425705
61216,0.8047391212001012
15107,0.2665988765988735
20351,0.511426102463056
7447,0.32401478059091615
27058,0.42283065783635126
52745,0.7792099894613275
97367,0.796394976612316
80966,0.7564787392108966
76862,0.7674587149251518
101425,0.7351209000443963
41987,0.7313744661677463
41607,0.7751851609853976
24817,0.6804270250682769
18230,0.6602764601425617
24592,0.7230848678635308
26735,0.7806509692699662
335,0.8024734059130318
23192,0.5803081233837298
70543,0.8142950353675691
52914,0.7210753113147099
93275,0.5996164392586842
53299,0.7972321890569765
73633,0.7133618390495524
6516,0.7692995337360157
62779,0.7287830954717738
37748,0.6255723559346404
32439,0.7967780023322864
26327,0.8114379884756411
72512,0.7787879047978449
34319,0.7696658917568017
71151,0.5988180952212541
75755,0.7895266489386616
95040,0.8157228006186787
14016,0.7556695552711069
64918,0.26767023164466297
54132,0.7994767685406503
15137,0.7908909949553988
16885,0.7675739178623046
73850,0.7788655549726251
27701,0.7489518473447813
45458,0.5187206250008535
35206,0.6984846025572619
4690,0.5135121450902242
48327,0.7305834941729271
13359,0.6624091802528467
74847,0.6533046258176478
58263,0.785028275805752
83921,0.7572070306633922
78541,0.727559265950341
89353,0.48166799345252603
46859,0.7639222200736192
43017,0.7998008169432607
33143,0.7830880631008701
44724,0.6944404872361902
98313,0.806078776186098
18397,0.7633499868548426
33628,0.661917025960558
83851,0.846112373781706
59975,0.8110437130547224
90976,0.6853756382043514
17729,0.8035879543905113
103091,0.7549059534616167
48359,0.7162919123801964
52136,0.7689752854407483
92597,0.4354897003383673
102907,0.8168812542737138
31101,0.751289775669547
72001,0.6715024175572801
26604,0.8367493842571697
32653,0.7124975284113477
92403,0.8468907060413209
19371,0.7446325621249432
33679,0.5173141919837599
100430,0.7793389581654704
46581,0.706853920730403
46918,0.4546519934112213
1939,0.7943143652456464
65741,0.5413229622237888
64268,0.8339773564756772
5722,0.534086179778057
52128,0.31499110955294657
32782,0.8072792068863249
55399,0.7060930323052771
67305,0.6990834651210804
27575,0.7944043189652628
10174,0.5651775467834623
20288,0.7310027234197818
100583,0.6992575489534402
94644,0.7614703983491714
69259,0.7728378437598774
66508,0.5531590811529615
75933,0.7394509660811723
73087,0.6926747966752337
62772,0.7304070105634413
7082,0.3920434807618154
14313,0.613573852086598
34351,0.8313620391400581
13661,0.7031412791699138
84983,0.7217768029834473
71650,0.6668030176397307
25289,0.6040933871086911
53203,0.8069725413331004
104021,0.8098355784535005
45430,0.5816490170330978
13936,0.750752875532927
36331,0.8122568726509072
69153,0.7639233500823086
28211,0.6974937491259768
14716,0.7717610903518122
102105,0.7291101219181176
14825,0.6241488972260419
73448,0.8089155272534375
25227,0.6171444113881086
70935,0.7176142532071611
24046,0.6962641087805748
16283,0.8062783318005512
31587,0.3863444827705745
21546,0.8010636698291235
79216,0.6944783109961218
59515,0.7888632974777391
21638,0.7693951146318845
106058,0.7159777960984868
83605,0.7587819525779169
36027,0.6139629614035
97547,0.31724915438761897
35922,0.7887154521176318
730,0.5941507650525724
91023,0.6493394031695986
41874,0.7944793833716675
63479,0.7328300673457313
53948,0.8292758499355938
612,0.7719571016931589
44842,0.7834237202797452
88286,0.6135480544824918
19006,0.7672492764217315
15792,0.7388461358897653
31289,0.7613635219114413
5520,0.7855794848407383
102071,0.805783773186104
51757,0.8301829281927621
101502,0.6962545460323296
86153,0.6064354241427788
53017,0.7942210589787254
35422,0.7883955954599556
47390,0.7456798057736603
6754,0.7384734909528624
15689,0.7973009281985531
60671,0.53194472411543
91200,0.7681456034046727
52291,0.7896727447453457
64996,0.784919263770906
105948,0.7074905161535043
9304,0.3189332888865459
80363,0.7706715597213115
34303,0.7947866026199178
90897,0.7906307770060722
6223,0.7497191942609986
30391,0.3586689803426913
32600,0.5895541919488527
22314,0.8122756231578097
46471,0.7763268106390988
62205,0.723128068396834
9315,0.691562463617002
88242,0.8101844351167308
16829,0.5674359188604702
10937,0.8169604973891541
75185,0.8153486692963829
2126,0.6471091284831095
66867,0.7721794333173418
27698,0.8221519172364707
69135,0.6455923693486669
28872,0.8078047731146185
73182,0.7787287943784998
99186,0.7484079387681452
53803,0.7794629392646439
15957,0.7096448569830869
13066,0.7187878805728232
59759,0.41017837834259974
78727,0.8314132980158702
87613,0.7797786718735136
97014,0.7857379854612625
15607,0.6698455532529687
95372,0.6810234878549694
13583,0.5783962282193753
21859,0.5365629315735446
37066,0.5024058674696078
20559,0.7278857538103413
28407,0.7876222306367286
22575,0.7041840550517464
587,0.24401508310827663
34019,0.7701246127904919
44046,0.43902926251866514
88009,0.8089243863383405
28935,0.7803273231914967
8002,0.7826077432208509
89504,0.8120943667560568
41174,0.77628622122693
61524,0.7144514196754099
47615,0.7964608137329282
105017,0.706600621527718
102282,0.741103526239767
38116,0.6114512673986451
77889,0.7371641875514402
39771,0.683782440714402
49032,0.7361037451285292
88482,0.8105166806806338
14111,0.8116727345831626
86854,0.615287474755969
60957,0.7146372069662921
39641,0.4256013823297929
42799,0.8128563882080577
12118,0.6181200480507982
51727,0.7494212037543715
15511,0.7771817755543573
98396,0.8121368792939522
82341,0.759119866649461
59102,0.8261388449709821
9319,0.8032684568614137
76311,0.34970461288794524
88119,0.5213684336370986
88687,0.7641132006321885
2030,0.7815053456035242
93612,0.4471236744049211
11548,0.8062823777316127
12642,0.7347183874268409
99898,0.5198317218102625
105337,0.7549433749861777
71373,0.8045217194447724
79240,0.552409896186358
2341,0.7495226216081461
70902,0.4039175052615035
96103,0.7742751545910824
41700,0.752909650227379
7147,0.7900976519449869
7007,0.7871915173711989
28257,0.7463318543070439
34787,0.7230038708404906
85535,0.7844267947351212
56441,0.6706038464645736
2699,0.764150201741249
8631,0.7806252850076065
84841,0.738813757078692
39509,0.8103037763086904
43930,0.6730333753730524
47111,0.4820031805046085
49131,0.781954645459628
90388,0.7749817423774386
94044,0.7097428933327292
9162,0.7670216827862458
82380,0.7494785938789396
9411,0.7925732159956701
98182,0.7921182876495154
90514,0.7704991200544354
31378,0.8272415831816771
45250,0.515870416980173
9598,0.5503643770683881
97221,0.778785976567834
81497,0.8306812523665825
98919,0.671573829106913
27463,0.4683592294737336
5343,0.7949324116279535
17970,0.7163611150440654
67267,0.7740789659934707
2920,0.7532245800698947
69177,0.6094188561542203
78678,0.6927111478446559
624,0.789164276911322
93344,0.7752169228083178
46833,0.8240274066910137
6484,0.643438796629566
34094,0.6140894769263856
68673,0.6786608981842065
102049,0.7685778763264893
78665,0.7719617467163084
30774,0.7803683449498758
71388,0.7886958209862831
18098,0.5333341405310836
61249,0.7263328616680333
37708,0.7103100406602101
64796,0.7771403254266709
31522,0.6456377651326367
15285,0.5973573399764867
94412,0.6686411378375858
59543,0.7839812837671898
3384,0.824525906984841
37901,0.8028908869557697
4160,0.8219189867386795
92593,0.7640689115636169
36246,0.7898602844302963
95420,0.6241432704758864
100479,0.7530242293588298
79834,0.7162578337269921
50875,0.7992952909258662
87895,0.6796726405845668
30615,0.7103267481994445
59995,0.55854770796922
96199,0.6851773384391733
13289,0.733740537333355
29169,0.43961491721822515
36913,0.7012783067346993
25147,0.7271813510483287
61781,0.7761393939540885
22565,0.40037579782589594
7300,0.6130797161601673
24634,0.768608528593366
79365,0.7219526411983272
16978,0.7110809781520517
29800,0.6240481156768084
41469,0.7270466181067989
77934,0.8232840473197349
69715,0.7922220242998335
2744,0.5863483078698686
18563,0.5971285248635338
96077,0.6389273519833708
23587,0.645006787369626
10769,0.42353859208856653
75143,0.7987891168230201
38952,0.7762067615611113
92487,0.6164719829292826
92852,0.8138029747278043
33741,0.7053833345804766
33902,0.830597947035194
8387,0.763821964043761
47210,0.7324596472022058
46410,0.7407592991181695
100548,0.7563522055078812
840,0.6818838170447603
16871,0.8003041631293663
69437,0.8123069381006242
80467,0.7939332889007401
39798,0.790924082223403
1323,0.5016526465142013
106370,0.7337717298909626
41262,0.7949643920740355
12529,0.6944278974963428
44727,0.7823814540096744
52761,0.7795884213607794
25451,0.7957124986606773
73342,0.5034612421813528
51204,0.7381418649336935
50219,0.7936981407999549
19132,0.502167544148799
49538,0.5193910718255375
53730,0.7100938516473643
83910,0.751668395051587
29115,0.8228623989793663
41208,0.6423605422245389
45546,0.7924416488112643
24811,0.7600133450333231
45037,0.6884697326655421
75843,0.7306109098085805
25941,0.31535580295560306
94261,0.8031774145355128
19173,0.7791592009963725
48509,0.7843923138465463
93072,0.7556856492309624
58237,0.6139844139565974
74013,0.795481482367211
75227,0.7325918440156363
74340,0.7124627589132131
52427,0.6539293859762862
76151,0.707198038771222
47316,0.6398117425748773
55460,0.7844423728337953
97175,0.7923808074447225
38989,0.8254144971863182
10205,0.6425155641908624
82051,0.7135408678772024
35157,0.6789004941140973
3684,0.7306682135775323
62742,0.4532790663732451
74496,0.47546791472529226
75673,0.8257766357126165
15522,0.8168379403054556
13945,0.7161875220752087
1132,0.6687814520789468
35054,0.7915643535835193
21891,0.7328107509578788
28508,0.7828268392080363
99815,0.7687901764959573
22532,0.7274492761653923
58976,0.6562024930484511
16774,0.7323674012238868
98786,0.7864485592410648
46517,0.6175427562109204
17633,0.6159798104568642
11745,0.5196238502067744
84784,0.29177712004491807
71139,0.692716538253125
104770,0.8511947108621094
89719,0.7517628249179914
5742,0.7973033093161906
37390,0.1533817550180947
45416,0.7652482974853753
30994,0.7821586349307627
104066,0.802730922763785
13560,0.8461424664414641
94239,0.7998579314764137
39032,0.771713052767739
95684,0.7658064979165061
64663,0.6099238637982376
42612,0.7709984839044255
69293,0.3375166539078451
100463,0.8002308158930286
104864,0.6695487535448397
79177,0.809026242026541
69146,0.703862048593728
51569,0.7521861742367492
35303,0.8108708305312485
38169,0.7193189767030226
26110,0.7346341361605766
66133,0.7439334225104914
3140,0.42229852543875657
29193,0.7499849377624931
66040,0.7933585636548821
67577,0.7084865281966041
75311,0.5013264586263418
8345,0.7892109802443106
90116,0.8011055026982522
46161,0.7984865519554043
84368,0.7951268671833925
78423,0.7877851370980704
56887,0.8494892510709934
10505,0.7635110224672078
83449,0.7129233343201371
75064,0.5749768366966826
45316,0.7990124629828793
81514,0.7947681507824539
17823,0.7446387160988615
45536,0.42888176858046606
81655,0.7999922526797267
6158,0.8066932864443999
3300,0.5233416140188188
81142,0.6744548524475088
18928,0.6785713065048301
61741,0.8047824301750376
81049,0.7274654383007344
45626,0.7427081863015198
64241,0.7447685813106524
25516,0.7632471924243689
72170,0.7575258419636082
100821,0.7955891204884629
100960,0.8035905830526303
104637,0.7854885266334455
80263,0.7948983216476762
40346,0.7541804253888421
51405,0.7644106525524719
96165,0.6389978727066461
62043,0.7495760984597868
104120,0.7674857669582104
25968,0.79983823802619
91802,0.7370991958601231
7133,0.6931398989344638
18262,0.49544005985770406
36397,0.6169121420505046
64608,0.7335748709010665
45205,0.6920754250677822
25746,0.8043630238849663
2804,0.7880292520684928
10138,0.720580641346968
30962,0.7176799925563139
71016,0.7348973617141016
8465,0.7503327690948122
59750,0.7743134658057427
94078,0.78866861555838
30547,0.7284945699951945
69169,0.7877993025438504
48894,0.6027273321597579
64141,0.705413304524359
33295,0.7998911356857945
55670,0.6292670855222997
13345,0.7842030777282388
99022,0.7801027718870978
55163,0.7047996706051237
71695,0.7853631969734369
37627,0.741342499500214
36532,0.7903131883905976
38401,0.6248394421841574
65083,0.7790969510958724
98493,0.7515584688970923
23491,0.7300300364831431
47409,0.549058880131631
73059,0.3059302056092621
38282,0.4129635742193172
78331,0.39776567659860923
41343,0.6930224552963202
19089,0.6603715967615099
50730,0.4934830416113259
29709,0.7425330934719593
17481,0.7638827288549128
80830,0.6446988886922886
5293,0.7875065317229114
22072,0.6518283447420794
70083,0.7497565294299433
82737,0.7269621168637508
84345,0.8195156152730467
58697,0.8044647806277219
39276,0.768634408008056
39945,0.821378928088581
33739,0.7452336063043311
3954,0.5749512936143929
16658,0.25568367214186233
57750,0.56412340832054
20077,0.7584731653467384
86803,0.771458605944364
2956,0.46729085596922193
72623,0.7425526871067905
16102,0.7938094472017948
21732,0.7651616532595336
67154,0.5641500967510036
54507,0.7980550401711729
86594,0.760128718409192
35692,0.5441606259549463
65734,0.7998751825509284
18208,0.7751870585364397
104960,0.7715197082241741
98614,0.7861959807100856
12300,0.5988687996031089
77125,0.7744229715447369
104456,0.6364403465947076
19143,0.6568275986295546
42960,0.7918831023185231
29258,0.7285843934712251
44894,0.7351754858839514
4672,0.8172149388863192
69189,0.784810042664568
59597,0.7177788379217298
4210,0.7417869377694744
62642,0.6930127925573615
55902,0.8306676854447613
33596,0.40019265119885905
88952,0.8168477590313479
25537,0.7613283479054199
93630,0.8368171461457564
56945,0.6566991196526567
89831,0.7730611605198409
28455,0.7677640388416143
101881,0.753870026943665
99064,0.7855023005317828
2793,0.8064884759202573
59290,0.8081489107026278
6529,0.7289127584296213
102926,0.7257103058501264
91793,0.7859828479474883
33522,0.7946699000040401
20955,0.7566917103407779
92720,0.7637111129751658
57316,0.4588124070222625
53863,0.8083410225836848
4669,0.8156166819585831
28736,0.7499854127183826
49200,0.6048889314061406
66982,0.7883317280960374
96637,0.48139445522040397
41900,0.7352821259799949
81511,0.7593315231287101
88616,0.7962440085663687
9190,0.7811845948527485
34235,0.7936177482484748
27646,0.7645355909491023
39697,0.782645624929946
58532,0.7910682790587225
28966,0.7948489519343552
35518,0.6558185468883964
103877,0.6982409979087626
30623,0.7794708686418573
86938,0.6148180456258598
65653,0.7203577984066359
88180,0.810807041178551
62795,0.7948223390737031
4105,0.46960635001388423
78024,0.7996900100511378
32038,0.7026063652124682
53792,0.5914104377360622
55852,0.7252827728290113
57315,0.5673301650457517
9790,0.7552910586049427
17167,0.7788259900391737
3719,0.7061914958879684
75499,0.5132778032178293
47165,0.7891735394033618
73307,0.5136596768430934
41648,0.8107265463516351
69039,0.6661700764227078
105121,0.7380019074773787
43914,0.701904030440214
71009,0.7269016815674506
95183,0.7921332463454879
30480,0.6891385978189384
53988,0.7084850919663543
79258,0.7716818727089707
90968,0.7408282699853842
42384,0.7810581666797051
83707,0.32287503189703126
4101,0.7207481894226848
56912,0.8375816955945095
60741,0.7152900690604815
25120,0.4443939279239216
10721,0.8331607584517263
56580,0.758459648420274
101869,0.5555861830141196
445,0.7907156744126117
20685,0.5624136761989341
23309,0.797119753361047
77783,0.7853518042815073
63074,0.5905025584169269
107081,0.6833071212222559
70761,0.4597327215501424
73498,0.8090942058295254
31250,0.5351141933945377
72200,0.8089709935509948
51071,0.7640860736060948
40842,0.7555767320736686
54965,0.33577659732982684
42180,0.7751178126947625
57221,0.6884826132874654
45115,0.7938842391414944
87784,0.7185114062497476
83808,0.4927330021786245
21793,0.5822763951304192
99415,0.6855637480068083
81686,0.6936877935045462
98808,0.7929827842079533
48005,0.6520226266985842
59693,0.6756469599150553
22613,0.5175652050351296
10661,0.7512327945978982
93545,0.7528084119023856
36781,0.6561045021491332
49972,0.7049324219125114
100683,0.7084317151054271
79955,0.623013266331544
83111,0.8121718982895119
14099,0.7531426558602377
85792,0.7215504149178152
27385,0.6669034992168236
33173,0.8083665636775229
75895,0.770708497199918
84183,0.8174962396787611
37174,0.6553577715000451
89403,0.7408231431887965
57812,0.48335252791430733
3185,0.45959335267552803
39174,0.7721910543971514
69360,0.812490141547779
22507,0.6612410341963023
81591,0.7842049136372784
102166,0.7939767964367812
34669,0.8314930843558952
82246,0.8004744016778678
5417,0.678636900412945
45202,0.7679262592871228
42806,0.8201777423448406
8407,0.7619098177663645
78372,0.7014828604645093
96394,0.7375330123885807
5368,0.7882980446120984
34576,0.8124068850150146
4612,0.777606208295222
89532,0.7298078934778063
86314,0.518868629437096
95227,0.7765835515675958
77002,0.7098742538601915
86850,0.7013579175228464
83431,0.8069599072436786
8573,0.42289574270083335
83053,0.8002396333047779
92077,0.7543077908327933
66619,0.7870066818385153
2864,0.823980332653817
93017,0.758525526392916
83756,0.5784400059717979
6958,0.7720161109855322
106099,0.7789442476642202
92752,0.5404585697750003
26016,0.784083800453572
9794,0.793021722779122
55053,0.716365614626177
32697,0.8204778377696147
23931,0.7870227743780481
40261,0.809922639588421
87744,0.5688321164645181
34747,0.8098566975215008
91828,0.5635800406027637
60789,0.6900366325978174
38808,0.7621063620127643
18662,0.8432800550086932
6236,0.641117203151375
19728,0.8390850627908797
91822,0.7855212624071054
81110,0.8370367121177023
47527,0.7100734399066947
90318,0.6860585020576503
44876,0.6958227679509195
71809,0.7605677594524348
13625,0.6255046349513456
43644,0.5379718189081536
83971,0.7589278288027214
82581,0.7842101103137398
42259,0.6961102776127495
85536,0.7555705644646531
8810,0.8011170146972834
78459,0.7986530367576224
33500,0.5977465220139077
4257,0.7798204657192779
93240,0.6908074882790752
18763,0.7056936921203619
11424,0.7599685332860213
12884,0.7875386494786842
59731,0.8075265407339378
22634,0.7261379888573118
62732,0.7905710246719116
82430,0.6007445163092737
97227,0.7353113141782982
5764,0.5725826954107497
50370,0.5351996400043324
89427,0.429110220090824
8497,0.6183638072304002
26922,0.7986359119209399
40011,0.7130215706512065
22981,0.7926011256195363
10271,0.7602441167827395
37880,0.8130827358477567
83457,0.7965866599820336
29979,0.7611802889287882
22629,0.7800996011588447
90503,0.7069189192392688
15109,0.7330786874375236
86748,0.47376781807245055
17755,0.7628124793882632
93089,0.6896290249989014
4336,0.7491673796004402
54923,0.7358896150153769
20668,0.6438776013311222
102335,0.8151337649653616
79895,0.6884543704559087
88203,0.7330003697111044
57553,0.6187854407994134
61759,0.6867036057814717
40449,0.6985344115677268
37942,0.7878606681514773
52407,0.77021426355529
97596,0.6042563537917126
15372,0.1661781665804531
71980,0.30066284025839335
8007,0.8147225716998112
5142,0.7974306572724194
76923,0.5517107792970685
32475,0.5381599832509997
29178,0.7335207372922389
43300,0.8414246591425494
105217,0.8161111644792451
90316,0.6153470510411387
48026,0.8187597104759868
27332,0.7590936622649518
105230,0.6213113516657279
97829,0.5656254142796956
99198,0.7190067238846116
53937,0.5395517812636498
44244,0.8274082677012311
95415,0.7816337154996437
83331,0.6816090971042049
83346,0.6118418220358617
82768,0.48578475657205294
34756,0.7791892121296112
26171,0.7769773195427446
50245,0.7050034244092249
42457,0.7218630131586913
50373,0.6972361275974454
28575,0.7731599093033175
91319,0.7984153405220183
68711,0.7966820530468915
25464,0.7920441183304361
101221,0.7272829552484331
12830,0.8024910014379784
88138,0.6864903528595794
72978,0.8182661809563057
103836,0.5581044945862011
66988,0.7697027724225028
85081,0.729425183566574
73508,0.5536570349066383
91178,0.7872288563750146
9724,0.672635076000565
38974,0.620328715653087
3592,0.741234789049032
61440,0.6863395850436158
86583,0.7079812569407055
106458,0.7685275952007801
13015,0.7272549396684983
21510,0.449064257814011
48484,0.7937990701870209
104183,0.759185128770208
71906,0.7731711503047896
59569,0.6421767229327014
60361,0.6675875084182963
2057,0.6186117478398433
17177,0.8642517164042127
62283,0.7785343601634085
52036,0.8027857631251566
7523,0.7055084775035667
33337,0.8044682896768269
107091,0.8154972205035783
63922,0.7532144014697545
54527,0.6349846090657495
52444,0.7910058499135056
20137,0.7604609784603859
38681,0.7921192774723607
97847,0.7620703744459368
84840,0.757972641377219
55970,0.7356408790252575
41342,0.8022895193689176
59140,0.8198073710604138
66421,0.6507928954525335
8148,0.7469884069675713
104694,0.737202911227794
40263,0.6631573925825088
31403,0.8147111545872092
58366,0.7983992072530695
13510,0.7374745541813902
10521,0.7601767798546855
62092,0.8285798236683606
4466,0.7740393958048257
55710,0.6772258314627667
62393,0.7920633529077048
29986,0.7840561391021026
41376,0.7467611576182926
49512,0.7858517703482951
74880,0.8241155865696898
100373,0.7988734242020151
88792,0.691817639918083
102491,0.7734405102317804
42734,0.7486700826039503
51057,0.6258092066649399
83560,0.8364829595689389
48485,0.7346572294703835
52786,0.7739516869051358
20893,0.3137146462833899
30127,0.8267733675752282
107087,0.8202343822549923
76504,0.7172306251993767
41143,0.5771191286452775
6901,0.7162659875151821
22673,0.38740329352684094
60889,0.7167130459956418
105169,0.8102394846916267
95140,0.6211040436462617
63297,0.7907543844893763
106392,0.7064851140733921
88395,0.7859947701356967
102557,0.664511321384903
23934,0.7680404745319142
82077,0.8042788113935101
11249,0.8465819892581451
49965,0.798411729494303
73811,0.7123027555913397
48603,0.7232141331310401
45876,0.7947960147074393
48268,0.5705578107400388
79541,0.7770873059189191
58721,0.6137632526782667
16201,0.6633443570367918
97864,0.4912345231646391
89613,0.8143541212685945
42372,0.39522598519394914
38734,0.8031630802133713
37127,0.8074056670166277
54144,0.42399553146954183
91637,0.838825374408848
47504,0.756625907361171
21559,0.7301916896517907
10931,0.7354198950031917
93217,0.8017426777550215
21914,0.7757357916650065
10161,0.767241503280008
103111,0.645167245194743
79662,0.808592118306709
105156,0.7626876466636371
85806,0.7394523432260004
44614,0.796314811578768
41219,0.7304035472487251
71606,0.7067524710614013
95894,0.7380758767440148
80629,0.7724373775431763
23741,0.4647631998104522
87653,0.7751606536023742
51403,0.7258185412525548
87417,0.8163052672620493
100308,0.7619915760823376
35312,0.8053640875895862
25292,0.7793044909119927
74924,0.7220219120376827
32872,0.7986079905794119
30911,0.7890283922301665
101341,0.7204742421376437
104179,0.7291037952329669
63203,0.48189462694990964
50326,0.7907971540967916
105499,0.7854848410737448
10766,0.776912608791245
1285,0.8042841755970264
51132,0.7562124025826693
6558,0.6833887863650641
37407,0.5788594761053716
37418,0.7571247746663674
27612,0.7443280040464463
54642,0.6039503458478686
66683,0.570394716796109
11716,0.3815930331415692
55668,0.3950529830793092
105308,0.6841645006859959
17721,0.8199419201411783
15348,0.3580836528854669
84198,0.708269648338828
87057,0.7750309020163942
43591,0.7310902243842377
82058,0.7670748960260053
103957,0.7606076943799328
71609,0.507793948881974
71336,0.7432813421618809
3950,0.783735919125896
95071,0.5769505443021653
7367,0.7767054709264307
67381,0.6832228563208944
94939,0.7727382041500434
27144,0.46672690834457586
65879,0.5131680497745673
28707,0.9089983606613233
103783,0.6899145621166541
1633,0.733938282604576
3921,0.8067915310133406
59606,0.7343318869585571
56268,0.8278698594910336
52884,0.7734093202307536
534,0.7684949982281498
32921,0.7409420685075142
75744,0.7490430979609968
53067,0.7387344871679775
61464,0.8436773385664311
34755,0.6975091931461941
9339,0.7868570749942745
78018,0.7146117411495537
46704,0.37573452269195784
47227,0.7697810515161463
49061,0.8040814552906914
34870,0.4446384870292323
8242,0.7798042354084493
93720,0.7822089529848605
100551,0.7439972438559563
9180,0.6939669675768888
76741,0.4884931777608632
4263,0.7886492368183636
24905,0.6875566174690407
5098,0.6372387133573
66297,0.6801053004022696
40786,0.7500297654174083
84270,0.7733341738007166
47703,0.7812179018446647
98906,0.7138096020100396
51148,0.46331798857661555
81097,0.803596510414072
7699,0.6826738891231571
25472,0.7695566098606549
25664,0.6763697109730116
64195,0.5407774310705731
78344,0.7878206951593326
97718,0.7840134592590777
37288,0.6986547867517915
3645,0.539617775134619
48948,0.7249231744077156
72958,0.8218373948845193
16042,0.8312802512813742
71646,0.6654589424676577
85711,0.6595698803100123
100769,0.6242827120710196
65382,0.7640073172840456
73602,0.8312242087589233
4202,0.5582235744360216
22149,0.8442990035579807
40010,0.7978958125096838
27650,0.7064065940930295
100452,0.775931190847297
80137,0.6422733685024183
28510,0.6129077139526633
7165,0.3792915014365501
101807,0.7065109753079524
39464,0.2783267328554232
75805,0.48881107550955966
91920,0.6860991800979516
39745,0.7794575886252088
82288,0.5893754085529543
102738,0.8057405039091852
45685,0.6858685287918946
41576,0.788179512687243
62792,0.708178256826607
55996,0.8191514601016534
47448,0.8036260197473233
75224,0.6989256343247114
9998,0.7940286544046812
66460,0.5784964189143922
11277,0.4583767383930872
106840,0.7642220996093525
13405,0.7094298678588041
56969,0.43693378440416
9838,0.7215498149735337
35955,0.7641154424694374
25532,0.45197046063430174
21441,0.7109557261481834
9503,0.8119243193385971
8880,0.7633698571685232
16314,0.8061672305421235
59726,0.7215397522717206
86100,0.44564163022822395
82970,0.551942157808315
39111,0.6585134420606774
87080,0.7690413918012703
76817,0.7895203286449627
43078,0.7433908501733915
67620,0.7394673781932983
24319,0.7611481373693366
79643,0.5728060383046497
73709,0.7272547124168764
95459,0.8308948484384236
96430,0.7313522909544915
16801,0.7929809562882285
46047,0.812137548669818
55978,0.3913481998799017
27843,0.7708454924313427
34122,0.25758196856916865
43576,0.6796997471580145
83429,0.5392912236441646
1778,0.691414922774068
67745,0.8106270477210287
21855,0.7466346489129557
61740,0.7778451588305068
103793,0.7360969593951024
15920,0.6465483169308442
67490,0.7490406754587084
15756,0.8124732078504603
916,0.4390830757027061
69333,0.7630887980439779
157,0.7183138791400835
56053,0.7222284064963428
96323,0.6216197775668278
35005,0.642047925803533
12926,0.5294212857467607
42523,0.7721526926190052
78491,0.5857366555847755
36954,0.7833828985027931
20095,0.7671795965294567
27457,0.8197713315097779
37067,0.6480552497051604
98125,0.7942047243451992
98454,0.7858393857030364
1655,0.8038752302672354
53739,0.4560279565308646
37825,0.6984697630263585
77336,0.8180153489960721
84582,0.6023616024897062
67061,0.6851410599902699
3584,0.7230002075443472
90723,0.7865452099239433
65421,0.7971400406903307
84127,0.6583359676341205
75622,0.6550130489699122
42404,0.5393456004122276
79522,0.7746370800689852
72976,0.8002272083800568
14077,0.7931566712546118
93324,0.5579787426287647
62303,0.7881200057138179
74728,0.4918807904167641
73053,0.7841884884581841
18672,0.7793082593120111
107162,0.7849847628014688
68611,0.44357898542803564
97984,0.708893435860525
64440,0.7585471811999569
106360,0.7993543318415011
12252,0.5821567516965767
68088,0.76223162765173
59223,0.783937386778682
7341,0.6505613805903138
52311,0.8295429454422056
92580,0.688272496437954
15850,0.3778942130247176
47112,0.61544693267395
17840,0.3187474879605664
63433,0.697743880441054
30976,0.4611653521341965
59214,0.759795777739391
11767,0.5820153830076905
2569,0.7795281633207443
34246,0.6571556408906479
68725,0.7487371172873474
38118,0.8011729347257838
28619,0.7787908153229911
28721,0.7628699479146408
56811,0.6402812807857649
32609,0.5314194819870081
98733,0.7882273863660838
60450,0.8110668579868767
42416,0.705244702001117
63694,0.6283750229160414
70553,0.6452824890371875
22850,0.7963452278235307
48756,0.7560404026476815
57246,0.6597222207071988
104854,0.7003945615377987
100932,0.8339220263870607
1125,0.5059027245251378
39762,0.7706117845909727
52919,0.7735068952596036
29817,0.7542992007214895
101696,0.7386317807975074
5808,0.3841530135710231
67597,0.718351421108004
104055,0.8386249952913304
46600,0.5284777551931984
97440,0.6551482364146854
58768,0.7642740754640314
35074,0.7155960315540012
99450,0.7613171262203356
68486,0.597575556073799
33665,0.6630972708934468
52918,0.8255982176237001
90284,0.7181570664309802
101159,0.7049830535738473
135,0.8398997575824979
38045,0.3554616782135873
56648,0.43093623232226985
36159,0.4088940248967343
64225,0.5432700359391972
92833,0.6856747558790226
4591,0.7999149679894689
33095,0.7734441942646342
83857,0.6874485638679098
103262,0.7714131149987776
96494,0.8023664824093604
28081,0.6112349965752154
56014,0.583318880130176
68780,0.7667726661403735
61532,0.7868442543099664
72605,0.3848812004877727
69316,0.7834847136208091
93904,0.8092601863972344
2934,0.8048849807361146
1878,0.7888153297735397
85705,0.7717177671026332
91577,0.6876736884145246
7250,0.7711921710298103
48804,0.7727498735208226
95013,0.8274086358488584
50457,0.6875531177940651
46414,0.7721268734259951
3284,0.8188600675618005
71376,0.7817959135040545
44493,0.6103656409510069
81588,0.6722516934245323
8994,0.6170185139896344
17124,0.790752984095642
55422,0.7632823300701308
11562,0.7794313654924407
12086,0.8096498294114631
80526,0.5464040176050454
40115,0.6420911217918037
102586,0.7802009917424246
53343,0.7333679083040656
70382,0.6316132130855798
22615,0.7023963528987027
42924,0.6127561098507315
86601,0.684756132103209
40393,0.8467734192067964
102281,0.7710278524837036
44481,0.34394911105346115
101276,0.8043380588739896
23296,0.8074669237565245
17649,0.7273664202240859
67509,0.8302807316094921
32363,0.7037024997750982
89440,0.8479604521456281
91099,0.8035025060053133
80637,0.7207856495800216
85526,0.835404145556793
82456,0.5771855224791012
84242,0.585260372545753
16361,0.7059591811000399
102119,0.7794346788210865
68479,0.8216040340289693
67209,0.8974547509296601
18542,0.485134507871514
92854,0.7904883991069369
93243,0.6826976141924724
91451,0.7706425533243055
5295,0.39415917518059546
60797,0.7585044601675757
38001,0.8336454520732715
94119,0.7524646120138371
57684,0.833246139158551
73427,0.7572999402164469
65312,0.5289192596440214
79589,0.7363243473678703
56257,0.546603489988592
103145,0.7112054575004061
56980,0.6408455738328761
15829,0.8067694262480887
6905,0.6896053362898455
57594,0.6669284787150912
63118,0.773728230385425
10383,0.7947968873181589
50890,0.5375307689605742
73451,0.8070490609310621
75946,0.8430665066596926
15132,0.747499998091072
10636,0.7797020383656764
70920,0.822639824195948
29213,0.572257307448599
92386,0.7039733746182129
76339,0.607301543703893
76246,0.772625641876736
99785,0.6153523778191536
89465,0.8273677714622273
55918,0.8081422673299142
45899,0.7133746560410216
39400,0.3424182350482728
17310,0.8077250491311957
31284,0.8354197691057914
55262,0.5721152479147826
40292,0.7582840124593374
10063,0.6995626660709268
96989,0.6622409686023941
69908,0.4216093167201772
27525,0.797843809424757
23382,0.7390809686256633
22213,0.7084249611872274
75722,0.6873910873877254
100231,0.73172835148327
43606,0.4309026354425036
697,0.7946559389027409
18823,0.8348683964496374
94353,0.7902525897571943
14417,0.7148611634395708
87023,0.7821782990135966
20149,0.7031847660402604
42557,0.31793098197352243
68970,0.8244953160759021
63926,0.7790318400974539
88152,0.3374490238251989
12998,0.6450225677222435
57911,0.7868685872773701
94631,0.8249271191549907
14833,0.7599200786952223
69160,0.6264723268973372
26277,0.3956220938608024
10398,0.7621349042483326
106582,0.7511578356504491
51161,0.747880474118862
11660,0.6839739683812507
84105,0.32810923669124775
44266,0.8203693776721452
20714,0.4416533097253355
40284,0.6922663437002845
29765,0.7674174551206988
21739,0.7515881706840609
57896,0.7766445402215951
98889,0.8291283357947252
21034,0.40573199129069193
93075,0.37291114854277896
39388,0.5190183428055344
34445,0.6810727014661853
89148,0.6583232051830405
100822,0.8290568038017329
87616,0.8116106520563807
43267,0.6986940467419728
77726,0.7724167317333362
74819,0.7646060912197317
34091,0.5233241610942649
36160,0.7844434251863445
16567,0.7900007101669843
36427,0.8180027347911673
89343,0.870047384962849
5236,0.7989448355119685
19656,0.5652143433660634
17120,0.3866541994608862
78119,0.8128757664864692
67326,0.7273161703454747
56988,0.6924248017111296
42774,0.6053164007968016
4252,0.668846882365894
45036,0.44381023667837405
93503,0.7602089064164586
36503,0.8096834493326353
6668,0.8052625619333236
56927,0.7325568699910421
91031,0.6359518465084975
38040,0.6892060279201574
8788,0.7347059613081611
44341,0.8124055636000959
30446,0.6995956130110546
22399,0.48949875709724044
19626,0.7659827565468864
57714,0.7921688657646879
106679,0.6730920881020593
101317,0.5392165760314375
11638,0.6111269884244087
80259,0.6615631315549694
43094,0.8012868156177496
97482,0.7977942725228651
97261,0.8133813070000315
56527,0.4003109311229709
66716,0.709929594175131
75174,0.7803410412356463
80517,0.7309373976685807
96147,0.8073635532254356
73544,0.6869175859085537
101381,0.8106310262755351
5786,0.37147320936083966
11843,0.6614500056976399
13605,0.7756622348600639
15923,0.7958895149621679
78457,0.6411985774121073
89640,0.7314398964546934
61076,0.741769500752534
65399,0.7841343548493565
21070,0.7600241690280691
13288,0.6765610841087574
92767,0.48479970260215616
88463,0.7602385513905218
5771,0.7502600849360973
52482,0.6393267330735779
52211,0.40702779821829566
35699,0.4308393685909959
82819,0.7880724703380749
58323,0.768009755793938
79455,0.7801130396834995
101021,0.6425301628350465
101900,0.6545869339989171
100855,0.68201075071063
48913,0.726606636241842
8422,0.6148151731653604
21591,0.49890344729437613
68410,0.785508770243423
82562,0.7439742914421551
20162,0.7919811415798268
35733,0.8215949053313218
83896,0.620949748885128
79445,0.7951515767315892
87804,0.6316369017946357
17189,0.47496839748045744
23028,0.7530253281204212
14654,0.7424197767232675
43912,0.7949251863401788
105665,0.7767375327214916
81324,0.7890975322578072
37554,0.6831536627470903
65714,0.7334292207916259
80642,0.7516415634526017
24924,0.8319954712205841
104113,0.646392985902315
97902,0.3849714830120793
32324,0.4193588711797376
46628,0.592865629861128
22477,0.3944797272282344
26253,0.6920556723568159
59764,0.5930218335358849
74929,0.6173434928988658
62838,0.7495937240955732
41245,0.7938434954645333
106914,0.6957543652127592
38662,0.8110245401394295
83189,0.4394573318536076
77736,0.6123731272375531
60421,0.7888152919929576
12258,0.7452602538295028
47169,0.6326005395716945
56070,0.3607172628403823
99194,0.4514927595451593
104296,0.7201115121889996
90967,0.7880715116380494
50117,0.5612267137081051
4203,0.7014158212360797
44757,0.754509599363012
78023,0.805836775507952
100320,0.6225281477494661
40426,0.44806620505134753
40344,0.7971526049886489
20063,0.3410489076759859
94130,0.7768796422506647
34724,0.6052972753003113
100774,0.70814365094964
2965,0.7212215772760456
71324,0.7703507145190804
46590,0.5934061251184048
17034,0.6670565122788105
14757,0.6130780072279715
72404,0.7347322520482866
26576,0.77019205539055
17312,0.06965156763259006
95378,0.6868755670836838
77843,0.7513170617717759
88236,0.4059968030605369
15364,0.7201709839384233
104748,0.7811859068047676
20900,0.6972923132884179
93581,0.8087504079116745
71,0.8385889594335333
80931,0.7684977184300626
40609,0.8017197383016643
93206,0.7365921043187339
94585,0.7214481335078778
41345,0.7671608425893681
93711,0.7776313099412364
3892,0.6889748221201433
29616,0.8344669462334138
39536,0.6762637571768659
9635,0.7737015624076073
26716,0.7211738135301768
96815,0.7034767752842019
37465,0.7929119000951315
64776,0.500294899884561
55191,0.6638923243273933
49384,0.3208161685638296
98150,0.7988050119166237
5983,0.8296832018764353
55979,0.4291048387724198
54609,0.6118209239767214
32907,0.799958473237459
90159,0.8449525650190363
81811,0.747344210286783
7903,0.65447967123343
82655,0.7275414812384193
28323,0.7753678417466098
100157,0.6350848361210258
14820,0.7677100052235002
68270,0.749662674510142
29311,0.7525676524441913
24196,0.704630195435654
38767,0.8335908707787488
5309,0.5319983009577844
24604,0.796195211812634
15359,0.7047789907075404
25016,0.7167748993420618
34009,0.6816316495551519
59027,0.8033126625925546
31696,0.7941628159681684
69253,0.808274042422923
74784,0.6881355091603361
77584,0.738412030751748
16787,0.7539304304247381
42800,0.47852657611361266
86632,0.7952816010372693
3360,0.7174522046206916
74757,0.7486202849560665
105540,0.7866517415073373
59718,0.7434153706233831
1718,0.8009274107597982
31278,0.8535358979751317
21179,0.7359508684175153
90986,0.8021077060342474
47055,0.6714264791553411
100970,0.7683957831527517
88689,0.6499613817683861
25021,0.6910665369477916
42462,0.75770270053827
47329,0.292143049696397
5460,0.8083276054703937
21478,0.7698545946859915
21844,0.7983582139710494
77282,0.6085146310411635
66671,0.8179953234411272
56501,0.8284594115559073
60408,0.7697187459389988
37442,0.7695679355133561
65504,0.7838095571732933
94680,0.6084291753413038
25638,0.7813641797367106
26857,0.6900240610380998
30161,0.7862465041428365
19249,0.5560011626556466
19272,0.8059662667487927
101223,0.6583757275778698
25996,0.7036556223105545
74216,0.6756124903890615
7180,0.7208632787340267
68770,0.7716192540927141
6169,0.8448628171041699
78728,0.5924770659481183
8912,0.7665140981088373
44692,0.7704458943158368
5796,0.6760542675418306
96444,0.6675845268770183
22025,0.6913521286059336
67542,0.7887910450971056
39829,0.8213778779020239
63480,0.713987853637143
24746,0.3218406915953995
8869,0.8819422279836097
28270,0.7766617897559474
17620,0.6960528829431489
63764,0.6721296683936934
63645,0.5055527570275739
94642,0.7875854974005172
76334,0.5497787587290878
75870,0.3979543499850881
34423,0.6925079212643173
39206,0.25723094662407925
52695,0.7371991933912614
44667,0.7737837519335329
93087,0.791786080576356
82078,0.7384460275943685
38856,0.7597687427502042
44589,0.8089921720173315
54968,0.6182621984852633
53493,0.6859273596917449
94457,0.5602883644915196
20758,0.7800017125227565
76530,0.8425607831730666
97913,0.7781238926028321
107013,0.6405160408011438
82356,0.7399862936365695
21399,0.7961930014072358
58494,0.7405964142457319
37976,0.6039720529227823
61479,0.7484901584049105
2431,0.7737173609403546
62209,0.33991177692078395
15426,0.7131746927939719
94139,0.5399176381946096
13017,0.8556227087127817
82215,0.8289083567929568
56462,0.5212723516514038
33241,0.7402542505688602
47577,0.7458236833204511
82529,0.758850498484599
51906,0.7074197181832504
90797,0.6222258485520897
98464,0.7953703200704181
38836,0.8526509301645059
82556,0.2930127871033301
54209,0.8170445725354114
71204,0.8147939588997878
89986,0.8665893447568376
9441,0.7727799707256131
2382,0.7651474000378146
97624,0.7995743476218583
64522,0.794768347479385
62720,0.5717538087553504
63260,0.8028589909833765
46366,0.7371207279512881
20018,0.7821618204303712
95759,0.8040732249471113
41475,0.7825597124543265
22357,0.8193022208160038
27428,0.7898938436715126
27990,0.4026903465038113
54772,0.8173730235653593
24712,0.7312249255105404
7205,0.6548815430014119
12194,0.792869555519265
100588,0.6779777434488318
66999,0.805059960436977
47513,0.7584664955116387
103881,0.7703626838620004
92995,0.7694267810091235
63769,0.8292505352411839
36527,0.7193064778638238
93808,0.5853444192855576
13250,0.8193495458242103
74570,0.6794615965484384
76458,0.8007893169176914
79467,0.7734357120978507
60931,0.7939518047237388
28392,0.48055291519470317
2066,0.7319484128637512
82596,0.7675551525596348
92902,0.78361861212279
79623,0.7736457448642622
76197,0.7811976957667127
62060,0.740078962302905
19675,0.7900133468484948
85056,0.7924068299394414
76790,0.7396545358114599
89036,0.7660817632609537
105060,0.7996522336645318
87598,0.7178528219597213
8811,0.527377530101376
65186,0.8093436425602291
96504,0.7047473027413973
51370,0.2673468798570436
20954,0.674662224097429
14384,0.780089302683474
75075,0.8333825287644036
105486,0.7654027081448361
58219,0.6617350065015652
90856,0.6984294531336847
38246,0.6849663580334989
13794,0.6475473150602543
45460,0.7103358382643162
38350,0.7998502942523539
51286,0.6517207820044515
69129,0.5319240169476521
62307,0.8111459069854076
25937,0.7828583273347846
96685,0.7387729631400637
88296,0.693123373196527
23100,0.7760023617942752
63373,0.7959716757975761
30548,0.5245833896008247
57481,0.8038153338413435
75015,0.7678253876894341
28009,0.7121490607744875
65271,0.7026742452718984
30923,0.7882252226820878
38234,0.48287431778153195
98658,0.7255534931410231
36138,0.7487539884477494
71234,0.7952272454320135
36834,0.534784769443584
18327,0.7172921558484939
73897,0.7895322844948176
98523,0.7893073721444046
44093,0.6887954478700282
78230,0.6224679169796256
29537,0.8052559109885149
96994,0.7111494445206661
61463,0.5949698526180399
47503,0.7803390516476975
84628,0.7084933457452579
33697,0.6123075333294382
7664,0.788994989082408
102577,0.7853401687144069
57598,0.3220788149347812
101337,0.706431309979416
44242,0.8038806141422202
40509,0.7790862270918398
106230,0.7804079338867796
94979,0.7818994572967509
39277,0.7394298748581535
1103,0.6414934318463537
52694,0.39098354283750486
98301,0.7904546725517141
45047,0.7794732025160132
92421,0.7006395206059637
63527,0.8314833346931911
99354,0.7633410780231391
24653,0.50453772402373
3650,0.7923349369090346
92368,0.8113202220514244
31691,0.5016871524004547
99264,0.8029590856645833
70625,0.8052618887714101
59442,0.5364707037753553
36904,0.8297037141759476
76594,0.7259908388871672
51094,0.6764790553633543
54796,0.5263768775801593
16359,0.8173244090462315
43475,0.7679072732663154
14904,0.7509136623047664
18225,0.7414976669075755
21746,0.8324957406682871
91365,0.6129943786311509
49509,0.7899802982842824
6862,0.7959115008641693
32973,0.7339201388350919
31736,0.6330064109682201
70198,0.7460153200680782
96185,0.6386292887562247
68163,0.7810503060461071
62480,0.7137530640790533
9796,0.7949552864211227
58856,0.7891955063973181
98594,0.7965809917918151
48215,0.8121391774736247
41876,0.7900559586580653
55372,0.715617143229666
53819,0.769818241244053
40964,0.7582222318334363
39785,0.7964655883072561
84252,0.775497585378783
24881,0.7761205252519308
59551,0.7945386145361907
94934,0.8368170109310415
73316,0.7561429772122109
38688,0.7164351990727705
84428,0.826504403918253
24959,0.6010496516068901
52262,0.7594043674998183
7973,0.7943578658753686
4535,0.8175267462382894
57248,0.7492587552050477
51268,0.72580576971141
35606,0.4029721021545775
24109,0.7913368073868097
38380,0.4398206799266629
21466,0.8116085694372992
46404,0.45920564322861634
7629,0.7326006477434646
104026,0.8405094555036436
98556,0.5374189066222619
13492,0.6854018175911821
70499,0.8502444820669947
19664,0.8042543633089567
17732,0.47149553819618895
57639,0.7041181702615557
23925,0.7871975714964358
67036,0.4918035248653539
63907,0.6907634923650958
47528,0.7834245125357117
56591,0.5282686837011471
90598,0.617127867470042
23272,0.3957296475083655
105984,0.8177359209700422
39878,0.7282759766601901
90430,0.4513472457866916
25496,0.5624124763103711
54257,0.5847767810945736
73962,0.8070795284139638
55229,0.8033890472243579
92703,0.8256959000289414
88087,0.7406791656512922
66877,0.4980969403786912
40634,0.7585681133468404
44284,0.7643609048999448
60860,0.7008287303062701
51419,0.7999638753081083
7202,0.7505110957149508
31373,0.8145402387312275
19159,0.6164615111745503
56830,0.611324642794981
4651,0.8374031644479112
32591,0.7146655452435299
66858,0.755053413630225
104887,0.7605064742350692
21724,0.7647519572182131
2300,0.7243387605020107
87101,0.7349989522791087
63342,0.8085871648161139
60131,0.3615335506658693
41712,0.8123795539418202
67422,0.6693676612724638
41436,0.7403078092310849
96764,0.7198337470767122
22425,0.5104822628472878
14074,0.4840669706529707
40157,0.7967911429265142
79972,0.5783818840970076
73049,0.7250847957611362
21087,0.7867711267265246
15123,0.8440618983058649
62453,0.8236432736165
11463,0.7842081141923068
20470,0.6151264351667003
14846,0.8999282939322482
84401,0.5060672183390579
55485,0.5275043183262078
58853,0.5791615571411911
76432,0.6128429563305167
11042,0.7215865570157455
21945,0.5823493338109504
66300,0.8146658141958224
99439,0.5100350861959849
103587,0.8042685370636242
25155,0.7733030062407874
55318,0.7948269343855604
552,0.587207191739345
13676,0.7838942379451227
8550,0.7266815156512234
69830,0.8147484458681845
17051,0.7452710846417975
67049,0.5960532792699792
17302,0.7880316057206413
60304,0.8230265166918522
37252,0.7044316502387243
68955,0.6829634667747453
22759,0.5890330948900122
101744,0.7658661872593576
88006,0.7167448612226931
84681,0.7912317587622801
40573,0.8256382604957185
38144,0.7507187968797226
99086,0.8099364758034141
62729,0.820992849882217
43599,0.6704434795401054
43628,0.5786413327285783
4299,0.760854114676026
57146,0.8117261051034727
104464,0.7088033169573861
17001,0.7708564516408037
50131,0.7864819084165633
20091,0.6905117430184715
40732,0.7716709078182191
52880,0.5466642843424545
60414,0.8020994957527245
104612,0.6140804959422923
46476,0.5263442442472696
100335,0.36218879890208755
66799,0.671304817727097
56503,0.8170395026937615
31616,0.8024070946709695
10889,0.8162551895265416
88749,0.4480122464262687
8157,0.8067844684767861
51234,0.7444702385640114
452,0.6364478731684214
102601,0.7665369255342466
58299,0.7685208980954857
71493,0.5465863643063735
28453,0.3146685213307764
86185,0.8145762814953434
77641,0.610529480280256
83232,0.775459840020661
6003,0.7838193321177402
30076,0.7726051619605798
100000,0.8018498234504153
65002,0.6575553946735148
105207,0.5286096338543583
36824,0.6281818772176456
1634,0.7647189386938245
105978,0.7061304561023543
60831,0.8000590396340974
31530,0.804016817969872
8745,0.8175073358073243
52151,0.6238053200440828
23481,0.7689677770471642
100706,0.6381784215385837
31785,0.7642924817091387
73638,0.764996757210243
30514,0.7660023547267499
95942,0.8071270238608866
101397,0.7067168470971688
29352,0.7383439825261178
78898,0.4126932720502896
72271,0.7930071630517781
21124,0.8230218407056692
73922,0.7359796134751562
17687,0.7671402990427578
20103,0.5819716416155275
42805,0.7043917266738073
70994,0.7535762065042978
35768,0.7762714305551256
94034,0.7494696265299435
22971,0.6888280812029179
72373,0.7334775003986762
105008,0.6118066707550025
64388,0.803675358773028
27709,0.7212808126837827
63655,0.8409406813636129
62981,0.7876291069867396
57133,0.7612527799236245
80257,0.8077364431324853
52226,0.8129297133406244
30023,0.781546540641265
60731,0.802251748373972
105408,0.7909043212745653
37988,0.6603630339204006
12743,0.8285889479630079
104293,0.7182931537921758
86318,0.846978011569382
13853,0.7962848152168847
71228,0.7815514026897133
61309,0.7789030605802861
2561,0.8078697473537212
88497,0.7970832020770423
47812,0.7699145493451115
49097,0.8292661860603769
56769,0.7977673184063498
1636,0.6958376756573093
43807,0.7070036204637441
71529,0.4633985265513796
17792,0.8434743733254575
29051,0.8157079073285638
16886,0.7771258034799092
93546,0.47661548087496697
100085,0.7972568579661917
57120,0.6929657242014554
9226,0.599644673000176
40121,0.7140206415011356
39123,0.8502997621602544
5065,0.7644649384198863
39749,0.8236788669017636
44240,0.7819118388173
15753,0.8203848660064287
102695,0.7712574234923634
96922,0.6703961384822531
84376,0.7996490659710913
6971,0.7846963696989591
69532,0.7948817994605458
21552,0.7833645274816873
96626,0.6258092066649399
68507,0.6243048736491771
91522,0.7660115981864665
58877,0.5652906090103377
12209,0.8443964467808901
14153,0.8243403230841603
87985,0.7849530282487432
12308,0.8237667348775887
80234,0.5292371573927177
89301,0.8086676312332483
31424,0.7865733591562382
75706,0.7772680828796696
17126,0.7813737814017959
48742,0.7885174838202489
91497,0.7411318804246183
68297,0.7755846534288994
95310,0.9001572363061091
26060,0.7969085482337006
70451,0.7664639936712639
798,0.7895119991273546
93850,0.5322229346408961
25018,0.6890369163532826
22400,0.8157988958952529
22174,0.5605337780629284
13391,0.7765774828130358
54791,0.8009109767658266
2642,0.6746815041250221
67213,0.8225950070114737
27889,0.7129419507729945
87372,0.8105990948106109
100776,0.7885946556126111
39723,0.6863469843564215
103809,0.737404201624315
51725,0.799755912573169
67129,0.7585461222073994
87060,0.74183022693091
96530,0.6742837774266217
40302,0.8206995458721603
24038,0.7057592723933794
34258,0.7629648845521618
106629,0.8438819922869547
15543,0.3778915223655155
87383,0.6875665438198807
1015,0.7543324294536282
97485,0.7875391927520926
67644,0.6239136736173546
66203,0.7843842986818456
84154,0.8011487792898326
24414,0.7818746715304908
56141,0.7137473123405057
75383,0.7474200214278138
53768,0.6984237354828803
28929,0.7877378196175738
23852,0.5824252540327597
1297,0.6597771246990244
73347,0.6205758563368213
52950,0.6065615578829399
10811,0.4620934841178661
58896,0.8283559455968913
68070,0.7510417577945526
64562,0.5175625507361871
102229,0.7093230550515282
100812,0.76768537569273
49250,0.8090445010398111
13035,0.7895144034850212
45861,0.6944010636248413
43825,0.599491450866697
79567,0.677663281744657
21486,0.734978622349023
3324,0.6114103530166571
107164,0.7062508131062892
26780,0.7891506355645946
77676,0.543833929023454
56804,0.809068376609925
77658,0.7019547711823283
73143,0.6960621139040263
96275,0.5303174934226006
41414,0.44265550755758043
48807,0.8221747884078172
69427,0.7930554949267015
139,0.7974429846076597
37206,0.7761866372937434
30436,0.8070805749431903
17017,0.6051373265188272
23718,0.7729584314242085
55378,0.750746212515376
4892,0.8186193426174463
16589,0.3158498661615147
18204,0.7397722044287091
8205,0.6150639318806419
56744,0.7325848946610418
8053,0.4864460951517355
85850,0.7224953271612381
17765,0.8015227987439667
65323,0.7827558919618733
38352,0.8127657909402549
22841,0.6946771561651922
79699,0.8435607675745153
14831,0.7384493545581116
28240,0.7419159007923267
12536,0.7136782119398665
44152,0.7860464943092044
66864,0.7367041507308598
49004,0.7944777795566622
105381,0.8177762575647818
85548,0.7840931740148419
36613,0.8084558846078967
86481,0.7369102156839547
10075,0.5695446866498179
54197,0.7897009974481446
70970,0.74848806768999
55435,0.7989841487376176
83324,0.4832715899766888
66816,0.6174737444384137
48267,0.43763077421826957
36636,0.7915972793608398
72138,0.7961284589639686
57278,0.733499114300425
71659,0.7020248010421006
102210,0.7945651724034959
39170,0.7691990578402135
10423,0.7920156765826942
1630,0.7069346995918862
52409,0.6703165095139763
74633,0.7290980184967408
23859,0.45483164945334736
94716,0.3183279632866034
70644,0.706949952720741
74105,0.762311288435234
106755,0.6470285995984103
42476,0.7288884061458297
27598,0.4264584663664244
38586,0.7594626348156466
45556,0.819806976210721
62264,0.4607413915085761
10318,0.8067604905722874
78770,0.7973105935601154
80509,0.7594452250689009
58271,0.7861495324670423
74134,0.8285458600612897
99903,0.32993524892269355
82988,0.7033687580433304
95205,0.7346658014015576
95741,0.5276208893181238
80661,0.7742631988832598
94682,0.5790774922212567
56607,0.7206629064340577
92900,0.7994854688190575
96137,0.7464369672721888
94344,0.7803581373751539
27722,0.8133901396314256
80310,0.8080668539768688
922,0.777677736311311
25571,0.7301931395171377
58516,0.8226190511251997
106511,0.7076289987467937
52788,0.6683488922519576
105406,0.7949182845663927
88057,0.7836725035666082
29097,0.5194209963190956
34909,0.8169003100811862
75042,0.7275688741489105
11886,0.7590962779311187
89965,0.7899291320135062
48375,0.773553757952792
96484,0.6410269206270683
70676,0.7747133099211292
83287,0.6726105146452814
102033,0.8644312860907225
1765,0.7715304220018836
96066,0.8181589732993368
89316,0.786985553687108
626,0.7636023060349085
60314,0.7589162605589139
85348,0.7559178685732096
29251,0.6472823578493713
48886,0.8044118361130053
57687,0.752488655235423
31118,0.6216453024689879
28689,0.7599344637228819
92961,0.7069544250326579
16310,0.7722618722519222
44436,0.5957210555790449
70378,0.7663294947989047
39568,0.7755999576893692
27441,0.8138694165341345
28939,0.7067576342182484
43110,0.7170490443360141
9082,0.8064693793273326
104837,0.7487328267767279
75890,0.6951908039158702
3688,0.7379073458050336
53825,0.6972300281639164
62324,0.7481514398626253
103507,0.7637578540887365
106541,0.7279890169472848
97431,0.6587677093552712
93525,0.8124059140647064
55075,0.7927449486259379
98795,0.73885077182285
71928,0.7462241234032158
58959,0.7851432662626382
68242,0.4822296140205649
94908,0.5716813791184518
3244,0.5049333963674695
103068,0.7291155032365217
2925,0.7436020351055254
34196,0.7926601708638265
91161,0.6591207492947619
94596,0.7896870513711957
78960,0.7558158803178643
55380,0.5551280073843217
33881,0.7066721512481942
71565,0.7908382089486883
11832,0.6826467825497093
85390,0.5406824762529223
50684,0.7303639054758192
99934,0.7936961061700245
77377,0.6953037706970644
76935,0.7584712178003395
104175,0.7005919432064247
12528,0.618131837864937
75265,0.7781442083296914
95712,0.7913939432736259
65433,0.6070674927135741
10431,0.7425818298547694
51297,0.7370769683789953
90393,0.6753945469936953
487,0.508073232035095
104511,0.6891510148475533
89320,0.7996015948028085
46443,0.7626634693635943
93423,0.7648451826510221
38846,0.7982076989558707
44979,0.5625436095862115
73142,0.7610535143390537
69730,0.49671415971039395
6899,0.744012474259649
78210,0.7307677679680081
69950,0.648163257855967
45936,0.7980282286919455
105329,0.597827750833602
106726,0.8046190327791767
69820,0.7045452851396866
87051,0.7985719258300383
7554,0.5476622825647287
88367,0.7392893947231086
36258,0.8067057330157256
24848,0.7082786747732457
25340,0.7550768694063686
76019,0.7569205095461171
49687,0.7539267943987894
103964,0.7647482978989731
24116,0.7333063640198512
89840,0.5577107493362146
55265,0.7269472000672962
21513,0.8050345740162741
14011,0.6841261996976585
74797,0.7059674530590733
106509,0.8157025032849975
31239,0.7153049449516442
77948,0.7853348241113429
31083,0.8615941904886196
71017,0.39022415881811523
58123,0.815039480451225
86986,0.7075205088225488
90834,0.8435824701043967
28049,0.7759493138800706
23547,0.852823423235513
101750,0.789200698528747
79995,0.7772412348049418
69207,0.8258087560249701
30465,0.34675434143315603
60786,0.7842361493726941
84190,0.6010084736130209
14807,0.6578128525808785
90045,0.6943342152877741
38429,0.8008484810263418
14622,0.5682334629721915
44434,0.7410861187655375
64333,0.7847460318480635
95306,0.7858096040939356
26137,0.7549780194959204
76680,0.7974525239205813
27861,0.7885431647093424
76113,0.8052568922894243
99383,0.6437008359296252
67210,0.8145477264768713
106836,0.7934935618594181
83887,0.44822477214297113
92123,0.7147894064674729
12806,0.8090772622681769
49958,0.7827734903274651
41165,0.8148707084302304
102918,0.7963207792773724
59475,0.5172886125412107
55272,0.6958873165015741
45885,0.5126311541829798
8720,0.7753324052649653
22847,0.628663050711569
18951,0.5124783501924849
76600,0.5820369264614367
70407,0.6655006385952246
80197,0.7673895349864451
89087,0.5374768830560142
38945,0.43427617667798296
48070,0.7378445061865749
80022,0.8765677271281619
101121,0.8067434278813779
50475,0.8019140330588269
20313,0.7841593307968175
103960,0.794305222027818
98087,0.8133828609040117
85487,0.7329324680627702
50001,0.37987246566263605
91222,0.782299796820673
63071,0.6105809664076899
42397,0.6011636773806418
45032,0.6115136070635359
37891,0.7663420277258467
3642,0.7895092562357875
32947,0.7322838817078448
37430,0.786717036863634
76430,0.7803093135004694
39591,0.6259046887063532
66009,0.6999520935400992
45415,0.609893630242474
70006,0.6598906232490136
57592,0.7339406664740886
1712,0.7109752743326901
4496,0.7852741802406636
72693,0.7718794282250875
62701,0.6328325362073524
94551,0.18711534935991397
54202,0.7931300142842945
1309,0.7957365718865789
84751,0.7744229067780247
71737,0.7199916960439245
31353,0.5669784886159918
27296,0.8045343799877032
32193,0.8187457761877158
72367,0.8066180558602466
13260,0.3360375185519068
75259,0.6858232193635412
1628,0.7904059632224438
35217,0.8004708942088717
5328,0.6876221204765068
10568,0.7195618359662023
79074,0.6724070789934508
17025,0.7985704431862473
99638,0.7425660994975087
67734,0.9999999999999809
22777,0.7471458241659886
85719,0.8009706457625564
7506,0.778670291289114
86728,0.4710342174039454
73467,0.8024751051870338
67086,0.7255104562288875
3107,0.8086005439652143
46597,0.7742788485661947
10922,0.6380419251244689
67556,0.6837976574829974
7441,0.7859442471290424
31089,0.783603550737491
61601,0.801980612511065
14847,0.727851384275061
35697,0.7782340141937214
64197,0.6876939410790589
46963,0.7384375829241027
41147,0.698303782986832
13811,0.7991804339881847
68928,0.8217089748510108
35308,0.7883856004365162
94983,0.7736961072324262
74508,0.7671521956651588
44931,0.7673041747322665
30960,0.7516891022193649
91080,0.7146844253082686
49216,0.6952959986915991
34340,0.802514636121512
75536,0.8118396060236253
76424,0.7860223045103224
105797,0.768603137048639
76336,0.7049902801754203
34164,0.770372960180338
91149,0.7698728861690297
7162,0.5679865768102736
18604,0.3055503136181401
83905,0.5679641061699106
44615,0.6467994754232519
92168,0.7959346654564183
5462,0.7040840279778972
85219,0.5449628787202712
26937,0.8148269899230157
10670,0.8537940876327177
57,0.7861937374525139
93177,0.5584565709788153
34485,0.7625450314996054
68925,0.7539434928479588
100142,0.8434341134281403
73993,0.8211862503864938
15790,0.7240923788386933
106598,0.6273505544248607
90142,0.7722787240959365
96949,0.786951052345887
40049,0.7476399396397733
98288,0.6496940611406364
43452,0.6893518689209605
22569,0.6999234143854287
5611,0.7749234387013508
37750,0.8309434530152932
26421,0.81966101675501
92422,0.7789388186229755
89352,0.7450805568820847
45761,0.7401668995904748
52232,0.3972486700689612
90421,0.8195646490004007
78709,0.8418535590821695
56320,0.8055684912623097
37763,0.7758600917686441
46567,0.7850372317921669
68911,0.6807191161228022
27099,0.7067360998545672
73795,0.7803704799788627
59380,0.744878716536639
48205,0.8111678196316335
43413,0.80295636418438
9655,0.7791407277120368
32377,0.6061833384637543
30523,0.8064655996357493
64260,0.7804801476346375
12302,0.5533234840662328
69453,0.7718704597398334
62392,0.5429691729720706
78449,0.7582845237754865
52714,0.7537259607780282
87352,0.7105316246265574
61091,0.478985078985746
63242,0.5695750292863601
66399,0.7819568962804178
54903,0.7403505870763715
67957,0.7246024132885847
88573,0.6272996682417084
42545,0.8303218834694248
17008,0.7137285140863507
87917,0.6844043647728003
23181,0.711726381848014
95015,0.6678289223611613
4188,0.7046505571809668
72957,0.8129794549390261
98126,0.7905598416196031
73695,0.7886855855732374
86412,0.32579094290660515
87550,0.6924446407777123
98272,0.8289288412541455
105660,0.8021543340191202
89434,0.7622647723007688
44125,0.7107694070885062
90837,0.7437610521553601
46442,0.7731261272134796
75672,0.7177047084427003
31938,0.8011847160091097
49532,0.6992872189251816
65836,0.798179239436342
85029,0.7717667227832583
71793,0.7069869856450287
28148,0.708437823629021
18266,0.7840323467094942
68352,0.7783217645668322
27061,0.6672628113010758
22985,0.6565239359224475
91305,0.7226786646796374
8795,0.6870408835484747
50663,0.7754930517089282
37397,0.5874548414667121
20058,0.7646038482462246
9312,0.8283634740170245
80532,0.7306093008670982
14830,0.412477982953866
103737,0.7091957441479663
48438,0.66950654837364
34089,0.815762892988941
32605,0.6936040012865581
62126,0.7534088379573621
99398,0.3882289622992756
25307,0.7143250495935622
708,0.7990502182735012
65514,0.7995489676902544
61917,0.7568805473484245
70611,0.7617691137884721
20762,0.6208619752187259
64985,0.7865943934243192
93723,0.7074645867434576
61541,0.3098504960666501
29197,0.6922229022802622
79929,0.5964647683265956
22641,0.7466040653896946
92709,0.8060069775985469
38048,0.7290556178891464
7305,0.766309613690772
21740,0.5805338660547559
85485,0.8552490934114537
3615,0.6890581234746285
11020,0.7702949651512218
25188,0.8063234141548231
43652,0.6020337965702997
36192,0.5837981538005412
75957,0.8238203804635587
88832,0.7689493600076049
60444,0.8043192671533188
89932,0.7906626104842693
94105,0.7816647793760204
4755,0.7751291661857874
41737,0.6619527771856988
79543,0.7292680890654597
5273,0.3587634079365795
68791,0.7834584539857493
60228,0.8043612979088988
61289,0.7929105436159977
18009,0.7787367027349383
1837,0.6845248808528706
79532,0.7722407389873535
55273,0.7915464561689964
21431,0.708802398860834
64794,0.8139910808075317
81887,0.7860048163617672
17964,0.8270123567432888
10972,0.7152744977793561
9294,0.6010142548942793
1983,0.7484576432428641
31490,0.7132508402674029
3548,0.6252244791519969
38711,0.7269272246497404
55591,0.660235036716941
32376,0.7815969473234954
23684,0.524516650344536
57874,0.7988508881236155
48713,0.7717456963269518
5106,0.4229630091808846
56224,0.8180996796583717
43354,0.8210183097336002
25836,0.7551954674827509
55845,0.6848209442657448
2588,0.7941255391966766
1845,0.8214434820364617
11254,0.5456362343657142
49014,0.7890740919631803
59168,0.812098194241497
32158,0.8231997787255346
106482,0.8003435896168685
103536,0.8050562609226065
18105,0.7221347106526768
89530,0.7203366912760036
20602,0.8150330638951594
28623,0.7654106778592125
44630,0.22662913415240923
8252,0.797474177844359
32280,0.812305881432874
54952,0.7865731627433716
11378,0.7848678566134107
57914,0.5195539476079103
31376,0.7808655232073933
26646,0.7318725380922664
55328,0.7978305046545479
5958,0.7621332413345902
63839,0.6081274488180144
69304,0.7175716844333665
3100,0.7334057593341917
37173,0.8446386242892043
100453,0.774786704667259
12253,0.7904614436558177
74226,0.7953313548682
28495,0.8069018124615427
12372,0.773144431195357
73968,0.6173649727221578
56212,0.7346190557429544
12655,0.5810687981923313
69853,0.6739706883222425
67111,0.8129889011320449
8325,0.7321734828699769
91304,0.7880539709375567
93245,0.6834527258813723
17300,0.45938966250188096
17331,0.4236520360981665
6291,0.7091507574169157
14892,0.534648127588431
103278,0.7261124275948924
97196,0.7663691774771025
26858,0.7404713849484528
34982,0.8073627094295115
74003,0.6997173789750446
29347,0.46659910203247856
21220,0.523107199425905
82090,0.8373673859525759
41613,0.7512257225274279
64303,0.7751308387577238
22182,0.7749976852149655
13504,0.7829412429296416
106774,0.7368923037111248
97978,0.6159963543749309
39162,0.6568451151845626
90912,0.6127379115408582
103240,0.8053508177992605
103157,0.792416592482419
48423,0.6719493396867667
53055,0.6792849584078497
87595,0.7788220379914386
80780,0.5116944048178117
78794,0.7181558938126118
67805,0.7797483414517462
60188,0.7910270898443044
67146,0.5031964304115076
52978,0.774321184407077
61623,0.7215173770770387
76558,0.7731207754377863
48118,0.42955497878487103
48547,0.7538379799199595
21302,0.7913656874106091
29500,0.618798094169715
21585,0.8044065863164772
103436,0.6695307824865881
78681,0.7418847991353679
84602,0.583573983710738
81342,0.8219553996921365
67363,0.7902295705882292
63318,0.8054274420039844
18802,0.7633171859238818
26594,0.4791862239412291
106701,0.7581882440808806
63187,0.48732248648615467
25393,0.7573907999598728
70867,0.2215981104882072
96689,0.7765306792052691
94172,0.8115370564056141
4913,0.801384366004002
29337,0.7471423972115319
18759,0.7988295148567004
86816,0.8105380936688688
84442,0.8365750084064759
28896,0.8363104238882527
25659,0.7675908821958716
2345,0.7971494254721495
22781,0.2592034907012584
93530,0.6179187394741474
58435,0.7962635750375294
16096,0.6524673126721123
76360,0.8516618970187115
92650,0.6712035362242955
94136,0.8064555781943088
12855,0.2943893138069955
48613,0.8084795700147025
98930,0.7320489853414928
17850,0.6657705680715925
68426,0.5544107285454182
8807,0.8111976286936012
77682,0.6528907824342297
70262,0.8254441407400587
101688,0.7643476879456212
34538,0.745628187840286
13445,0.8141203121769747
69689,0.8050155448176586
87006,0.7901694588414255
51615,0.7091428217902827
69533,0.7674036609472559
15420,0.7893342405297462
25501,0.8326029511659012
75037,0.8407319666566079
82250,0.5174989202820846
34582,0.8175850933584957
34900,0.7660110766439945
106606,0.7826642805837082
68574,0.7726069731560056
78879,0.6516884213735079
72523,0.4433093741039382
74109,0.7355397520535588
102780,0.7820844426734727
41350,0.7482182563844654
6776,0.794652337668039
4752,0.8043421880359576
79710,0.6579376500815034
94872,0.786634859481467
87768,0.43454015216185987
84545,0.7048188051916788
47364,0.6017841652087904
29565,0.8064437174705624
38176,0.6146189004846486
1523,0.755266276815586
71965,0.7267059679257285
46011,0.7780362819894687
101166,0.8251077890234145
96157,0.8297908146094201
4599,0.5752479933318082
57139,0.2710427547928768
46502,0.7866038675444319
32147,0.7993418087203334
8727,0.7937747879251353
64,0.7230855359832988
87977,0.8172775083594125
81911,0.7895819261912761
62494,0.643321107559671
98355,0.6681488381042592
13701,0.7965062315529817
60982,0.6657960020731037
92575,0.7870645645309735
48249,0.8362189164777045
34171,0.7605001384598535
89055,0.7226802009006007
20920,0.8026534838619971
44323,0.8173336780540014
93856,0.7792606427115674
29936,0.7668226012754886
84606,0.7932937821713152
14714,0.8035766504687465
98673,0.6297250702607353
103736,0.6535663742356311
82642,0.7109358098160492
12030,0.7911494063253482
51674,0.736790934716449
12718,0.4827105511728017
106852,0.7686729726082746
16294,0.7952414863324336
66475,0.4362005070510821
41485,0.7765512000267172
30323,0.4104447172433433
83992,0.7655410805210889
54682,0.746629928896771
92127,0.7744600351479936
35902,0.6704537694935403
28139,0.7020720330191744
90412,0.7362461046344864
74418,0.7487300952122339
78510,0.759384646604079
100330,0.7725204493735234
29036,0.7597622160836263
44485,0.7662277201600839
16848,0.7464542383954452
10544,0.8412686315877993
94780,0.8242351885301112
21582,0.7648994503383066
87225,0.6641214666826815
93669,0.8032350748764624
87901,0.7087053396931654
49697,0.7422087554123012
5036,0.7453852263138764
67043,0.6118336682476717
85540,0.7473486780536676
43921,0.7523958911234063
12644,0.8036990329947931
2676,0.7927117691789946
58412,0.6015263164286371
12909,0.47530923855289026
95061,0.38244502674187253
61837,0.791963050220248
93884,0.6852632759124712
8939,0.5747246055766201
84360,0.8082851371134095
75469,0.7337839787533773
16441,0.7908038137055683
26500,0.40777787401125665
26617,0.7866370945721836
70080,0.7702493847253092
4320,0.7173205168508939
87274,0.5460697577395798
77249,0.7771683699811875
49626,0.800337982866631
6237,0.8073342327240788
35626,0.8446495187319533
102000,0.826353986069787
83002,0.8036035711219611
104492,0.7136152427879834
18532,0.7360384693726849
87016,0.7930985850387967
90720,0.7086947906728817
93144,0.7533675690628442
47367,0.8303110412945489
98201,0.654999941096367
97722,0.744116910014961
41849,0.7703000169547742
26633,0.7663199911360813
77169,0.7114304275159181
57349,0.8084718092297859
91177,0.4123410502166373
22794,0.7903220887003651
14637,0.7760132661792825
104038,0.843714122650193
49505,0.8075619157866284
39769,0.6760361601326059
75395,0.4771913910249842
84177,0.7744771517401472
90804,0.6052993841953616
17129,0.26613651953923473
24386,0.7132118529791678
73235,0.4675757749625635
40321,0.7670646038000541
93445,0.5301571992186515
101488,0.8080099997045234
62,0.6927912449512738
150,0.672505760737699
26870,0.7335017322391082
85644,0.7112087844641491
16864,0.7777548035856812
9800,0.8036056908824796
60156,0.7699390357073599
100967,0.6517108556536115
91352,0.7789705719239598
84613,0.6133010046994063
46913,0.5477181137431713
58417,0.799749721275835
45651,0.2929619554605671
42020,0.7619079736194536
34497,0.7840166757217197
92156,0.7481177702623402
96062,0.7521016229983442
15862,0.8108340510442208
19527,0.6031327490530399
51620,0.5793237420786336
83964,0.4806075464845827
11283,0.7242897286920923
56397,0.7150035138554631
70095,0.743229260635198
5355,0.7126070182427284
3853,0.7164281315473328
82993,0.7327921890454105
82541,0.7724502558925834
8571,0.25250302208296227
59954,0.7696838014571153
32906,0.6979148463811626
80732,0.48040745597662476
25197,0.7500258862322242
19175,0.7985048839154185
65975,0.767158579163215
35001,0.6963517642761334
7468,0.8107653415001775
81927,0.7496226577720602
100585,0.7961689497524843
41885,0.4373280750580388
19845,0.7372269862646069
14709,0.7436121432576628
86121,0.6549942234455627
50416,0.8189187274548054
39496,0.3113995522015822
92117,0.797040639943256
41500,0.7297188608374194
90525,0.7592062904412296
55859,0.7285720400730643
59665,0.6556171292309672
62490,0.7588061662382192
15347,0.7346535161788833
104307,0.7362700115050992
74223,0.7543843155439165
11063,0.803679946947764
83506,0.7823230679548738
6916,0.6669239882230446
79549,0.5974162072365964
80961,0.8317015598805683
55185,0.7817141500749198
86688,0.7938238324824494
38336,0.8126917726014717
75289,0.76010254583991
31850,0.25782507326409987
67058,0.649392198266374
3142,0.8207221670667229
20576,0.4969146865414657
58998,0.7840902186075005
74310,0.2841035781622262
20310,0.8212469968754835
79457,0.8041325150372699
54490,0.6937098005516009
5551,0.7451881582524884
26589,0.7882650155418142
30949,0.801657077750382
80634,0.7324059794592027
24053,0.6138861139950739
105705,0.7479775798731131
71481,0.7075454065102327
76219,0.8002267325986048
13259,0.8164317720614991
10688,0.7879418945566231
53517,0.6798232720495573
43806,0.824778990156453
21306,0.3451981223271051
58650,0.4828805353859042
42221,0.7663075343384326
28489,0.6782082674939804
105906,0.8156047554383906
44764,0.7977093959093496
51940,0.796597849836356
53776,0.6157109626982161
74872,0.36852206525982284
86885,0.7867234267531421
14008,0.766054781675898
80154,0.41883106565302175
30459,0.5348076764070607
36850,0.653934221890798
19357,0.727338131942205
103820,0.7495765211478034
77806,0.7939243868510774
43592,0.8049565968832231
91314,0.5304596983974549
102915,0.8152948891525973
83656,0.797918918442608
34066,0.6212181421405325
65063,0.569617425348922
105304,0.733143515507673
94799,0.8281090117121328
81931,0.24113658680571512
102755,0.79672422293417
91521,0.7959877420788942
105307,0.7581699957756505
4994,0.49428776687429593
55303,0.8319453917806893
13462,0.5903813696720561
48714,0.49362655555552176
18107,0.5620053141246337
47219,0.6749468067583703
69705,0.750043577770981
49115,0.7240291119871856
24789,0.7139948620771592
54685,0.8170602233546044
13191,0.6988405240473169
70514,0.6679186049411864
97653,0.4884364557560632
49100,0.7973951509109011
66241,0.7957213194190618
75096,0.6754196719330009
51437,0.7515786761113024
3485,0.7927596623162555
73283,0.7487830493851445
78073,0.7018843595398314
60245,0.6414066853572821
91386,0.6413980134353944
84247,0.735103192598026
46800,0.7084916731733215
89578,0.6558759960983861
102579,0.7435253285931047
60142,0.743194382056285
12605,0.7373703547677649
94193,0.6839990206000373
3262,0.7479245450258767
89167,0.7726476313117899
89102,0.6518099737209735
98102,0.6410985321581283
92864,0.671922587625849
4026,0.814110424867253
78523,0.6320335376852515
66934,0.3984914273779733
30775,0.32914884923050497
77984,0.8077057834621768
61830,0.7842558702684335
86793,0.7307105823698997
3088,0.6829680527124732
92361,0.4805082466159232
70055,0.8116733849198393
7589,0.7943329132922148
7321,0.7196262208956892
53376,0.7979043702376315
61157,0.7067176015725531
19255,0.7547030950289054
52728,0.729382892039758
92812,0.7853126158755869
7334,0.7161028663010578
77022,0.8271897263500352
1514,0.7782514506425326
3021,0.6197136818638616
72,0.7864081884165498
51949,0.7599222262230482
39748,0.7151624445496816
24668,0.386739427909124
69159,0.7981594027310456
299,0.7739706942307828
88560,0.6910007885085739
53647,0.726550018772788
37116,0.5444971765167596
88047,0.6566181453547788
104297,0.7336087268476816
18150,0.7345662515561141
41495,0.7944623478621824
87072,0.8064234294755025
84509,0.5383700364700571
66345,0.6080328576029584
85910,0.751870780800925
93319,0.7653886844472552
99571,0.5098728648982829
69020,0.7143346759722614
45649,0.7448556470882525
19278,0.752277845268465
39419,0.8009949963419607
90724,0.6144064293083353
29701,0.6853950545829176
95971,0.7769647763894797
88105,0.77711621914276
34031,0.7723996651365395
6197,0.7416747504613429
80768,0.684218200244226
101621,0.8155287406247583
50213,0.7558826582069288
29831,0.8760990161131776
97230,0.7158108297869217
6515,0.38893002446244784
44625,0.745622152037211
80198,0.5169693876430431
31448,0.6760229977186716
92797,0.6457959049912113
81488,0.5604278788071719
82624,0.6863109240690751
101000,0.7203588619442259
68204,0.8200739967242976
106980,0.7810463314152419
46656,0.7574208698944688
29895,0.7896982821463447
48271,0.6896779431830089
59674,0.7517668427266647
17209,0.6230043035275804
70143,0.6759594172599258
22053,0.6696647882229282
29008,0.6870215126202329
2770,0.7036316972598119
101525,0.7932321525967263
87696,0.6343610487956742
39562,0.6774274218314286
49435,0.7938059188407405
40823,0.7628704160529818
63705,0.772770804531448
56819,0.7893499729362107
97881,0.7074224542927768
6760,0.8188814608874441
28540,0.6176835431356547
78209,0.7612793070054366
91063,0.6846622862734726
102830,0.8168847294259315
18571,0.803473447695515
40967,0.49881512822408186
64391,0.44835101496391067
71605,0.7545859218201918
8656,0.4595705911530891
23453,0.7526132345744909
8292,0.7107172255711097
68623,0.6762238972424031
70141,0.6752233219867377
93759,0.7083763111600335
47030,0.8346581875632191
56920,0.7411039307476538
58010,0.7141021475678085
71866,0.7814030124938428
7377,0.7904797839979546
6387,0.8111625766071595
73694,0.7314870466211834
34839,0.7661999829633858
8274,0.7720915642052586
10859,0.5070736339614034
98069,0.7444619961476889
50225,0.8456343170437755
33496,0.6746051657602288
97355,0.8806751820212602
77204,0.4933560897653264
51034,0.7960051042980938
98613,0.7716214351401544
102538,0.7593739390757891
26262,0.7857019834312439
27246,0.45444423088851155
61517,0.795995946909929
48877,0.7381662626678094
97466,0.767012665441893
20765,0.6996056711678352
50907,0.774497690741725
20357,0.7712340586168686
89118,0.7051854438682178
88826,0.7483986532668786
79998,0.48308520728655757
23686,0.7732404393242749
44738,0.7883026681528681
47441,0.6765100070342428
26675,0.4334961763914641
89018,0.8099225086257971
54426,0.6466963213670868
26917,0.7917134773566129
39330,0.8115909704236852
72454,0.7933928454231004
512,0.7954790052890254
27000,0.8019868866797862
16916,0.5463434959531289
82601,0.44877599367679677
50585,0.5088913560536861
90157,0.5766249381784577
99011,0.8110785550603277
11090,0.6908485208319065
56882,0.6433662397317594
46807,0.36491454575454346
26274,0.5607031259714897
21057,0.5953727061130281
107016,0.7456224338292221
29285,0.7155540809046179
26994,0.7565463238432184
54882,0.4357072801311386
97151,0.5198712817725846
101908,0.768298005159797
58321,0.4454961891902753
72935,0.7597365707381067
35038,0.4606624533852294
31558,0.7687366269237975
30229,0.5886676379219067
66387,0.8203812336733187
106184,0.5307617612531447
32157,0.6989368514647633
37322,0.647210691777922
97778,0.7615040156815835
100556,0.708118271488518
21107,0.7845697428227788
14565,0.8060951664962716
106771,0.8253384195927609
31702,0.6611531605391867
28968,0.5821566971561875
15262,0.8032814955652464
106853,0.6040415010184028
84107,0.5997116485981514
36081,0.5964978016223397
99310,0.7442357239803841
85288,0.6064151532981147
31700,0.7952827964518161
69457,0.7898210659135361
65445,0.7458234537963131
51328,0.6281241371255799
23469,0.7842195736394004
41656,0.7334099771242922
68236,0.8040359222325388
4543,0.6758723571636163
105551,0.8032661121217898
106499,0.8425020772616084
33682,0.7142549197430763
82662,0.7850745002059476
96711,0.898893071894324
8946,0.7757883117873194
52833,0.7872080881333634
100177,0.7697226387592802
75365,0.7366541940068406
56614,0.795075271904164
93146,0.8255806868654658
15623,0.6829322651270728
61031,0.7546825696624249
40030,0.7920606540816476
63009,0.7833667443212579
50512,0.815373131779457
33745,0.7731555597072763
77126,0.7519718214170075
58831,0.8053666197762902
85528,0.7296331960660677
86769,0.7170921107908604
12353,0.6872608994786316
5033,0.7246621350147924
43805,0.7815071710021763
8236,0.8347710452636348
1005,0.5237217423516275
44333,0.5971562677415226
38577,0.7928769316808116
62334,0.7948271821253362
27401,0.6595939235315982
78839,0.7854878586912177
3940,0.8158366240674709
23793,0.7593959228295525
100263,0.8041962640883126
102002,0.8483195051630316
51731,0.7555629151750635
65989,0.790087576826447
59878,0.8185471327044597
28048,0.7111198018191192
77972,0.7002001705005153
105413,0.7385835784560085
10633,0.8216760273427539
84009,0.690537231560372
69394,0.6953067340582126
68091,0.8392513030335131
12153,0.8110797747978996
83996,0.5168190379700636
94985,0.8162762079225172
84160,0.8515956418083772
102031,0.6418567162889548
88072,0.7547985634352213
54589,0.5017655633000387
6543,0.5242278953438186
1951,0.7890388675357054
80496,0.7288541275111983
28686,0.7971797268971426
46858,0.7978879900472567
24178,0.8204228516831407
15417,0.7775687853503384
61325,0.7993537494791877
96179,0.6200685216361969
19755,0.802965908042334
80528,0.7907343492762375
35917,0.5519539567125187
85424,0.7043011987177492
21490,0.8078922245275684
55313,0.7552342729696886
13235,0.7583432092342988
17378,0.7664314313545061
3754,0.7070905305739833
7603,0.7428655444145154
38664,0.3161014064366469
75116,0.5484868605293788
65638,0.738228779588965
53353,0.7602825473045012
100516,0.7683448871693732
18288,0.6646353553200786
85445,0.8111247705746298
67231,0.8018543281811965
72174,0.4794225656278957
34922,0.8255887105521024
71299,0.813957649265457
105802,0.621486117252953
87938,0.7258754405136199
35328,0.7737373908982995
15184,0.675669312384575
62637,0.5716735798427919
14237,0.80612765041122
95613,0.7437501168073193
9311,0.7890368984004025
6338,0.7439530797757767
66264,0.5538723421831916
72899,0.29647588365792643
100726,0.7546313062415804
86966,0.7877956939301286
75358,0.6421235460532014
65405,0.5468562846926766
16911,0.6161518672047576
8692,0.49276834435084593
100578,0.6809727743830497
84090,0.6229180206318173
45411,0.7871619011231611
90547,0.7132935590272679
62081,0.7726256964171252
89570,0.7830274008370127
105449,0.784621611727163
66998,0.7829981319643836
69996,0.7670535764151066
56064,0.6864053425728984
103577,0.6544806347803064
35449,0.6751132822064323
35385,0.7869311235149138
39853,0.7557761294641799
101610,0.7314960435128902
40619,0.6372842318571454
17788,0.7668341433853596
81583,0.7183752325329357
35278,0.6790610792001224
15496,0.7904553889624517
46000,0.7312544773114386
1795,0.9289545436398202
43415,0.8277673167417311
291,0.5296442286778064
38181,0.6777425925606634
55029,0.8131571381885186
34803,0.33046821760625655
55045,0.7975772431658674
46367,0.756703588783049
62574,0.6482193890065503
94354,0.7372091697374582
96625,0.6016968642257617
21468,0.7145756717721424
76612,0.8053800643728243
19753,0.6791936168909855
34261,0.7047621286372032
56113,0.7589693715354435
15452,0.6598332467595428
27416,0.5267018473993259
48539,0.8294773016807662
85145,0.7538045977929759
18354,0.7253793593133065
18244,0.6459032495672823
55640,0.7970064998966057
47570,0.7193247488942162
74054,0.7420673253654773
5058,0.7284125412497914
17045,0.769500962756026
105717,0.7788407913633981
29187,0.8549154607604643
37420,0.3478134430714985
38161,0.7797945431267798
106344,0.5553754389501319
70853,0.7488410258188969
46322,0.7660237368318447
6538,0.7269934639524611
72697,0.7806301680768298
97920,0.7626781952686866
56360,0.723827826135697
40525,0.7533490366930868
46536,0.7674819695836101
74034,0.752130638485415
43594,0.626280272006726
100866,0.7707636523047857
38073,0.7989730000393629
59899,0.6050024481362596
3724,0.6231633342125124
79957,0.5755374028171963
13422,0.81341032234507
26786,0.8002444673240466
39319,0.825543214777419
18657,0.7723442788031465
15823,0.6956110057996662
102599,0.7349529974561494
66427,0.7812135346366228
52079,0.6287158639884742
37002,0.8204351083573299
49086,0.764083207963144
28115,0.8374498282959306
98844,0.6870579774154661
27917,0.7949935785857056
64994,0.633417500061982
72140,0.7536221272395139
35277,0.6386640309841647
53684,0.8132540915377123
93054,0.7756494178685948
44188,0.691055947022216
49190,0.8219907867465533
15979,0.4276172314760211
50195,0.773912576901025
5878,0.5849443473504202
43508,0.7180553758752595
62207,0.7920498052490094
76999,0.742866103453505
30839,0.7037666574529634
40160,0.8015494538678645
86895,0.8299380600252457
104572,0.7429888147842417
20661,0.6871255597752717
94376,0.8055564705747265
549,0.7587102217397556
33591,0.7012667441721823
32334,0.32998106284964746
80680,0.6933211184677479
66911,0.7020421994262652
101640,0.8146644235579292
55786,0.6578307781888058
50889,0.645652491037729
47434,0.7935578888930036
80157,0.8006503151787245
73354,0.5509093809978414
30185,0.6482960637037439
21137,0.7098068873894267
36235,0.7992251505472387
65221,0.6630558474678261
100973,0.7548232577327038
41736,0.5810879418689512
60659,0.7587058925963603
55254,0.7495304595165818
97165,0.29479738499922
45498,0.795173766193565
36819,0.6720697830463179
2263,0.8293543233293739
19482,0.7630753106602244
481,0.753155661470553
83893,0.7872596580598328
81124,0.7788927399478822
99520,0.8281757998275201
57905,0.7403025460835241
11179,0.7993173806141992
88133,0.7710308377178204
84405,0.6184676521314956
55684,0.7975643394592627
90310,0.7784940945848007
39133,0.7535581422728813
10350,0.5924960641837004
27036,0.6587811626512815
29858,0.8350391067316716
68022,0.7532930714361874
89283,0.7806400861897985
70631,0.7983331573127143
28055,0.5771925036489227
62587,0.6125630186927249
102721,0.770044900875373
105913,0.8205159478665897
94589,0.7595426841994238
56437,0.8043314052305679
40514,0.7104052136394178
102125,0.8053497234406694
40771,0.782508677421362
44858,0.7774160458424912
98624,0.7837505552665976
92222,0.3113809721089842
11344,0.7579468415005967
14991,0.4722931913886887
101078,0.7276166742550388
96328,0.6492313404784027
19565,0.7945833680857723
84603,0.7659191669980757
70089,0.4833934695664899
87015,0.7572000676737004
75449,0.7880008230326385
51372,0.7923377278873999
32632,0.7319206608956976
22313,0.7322120747403901
39923,0.7675516915174349
12179,0.7917775107046497
59346,0.7335086179632485
26935,0.8048002827783812
55296,0.5810944321752697
106127,0.7089218150430547
43033,0.6157350150098668
7375,0.4301032914979376
738,0.7696556018033669
83984,0.7566973734511929
71556,0.7630859698975447
24649,0.31353429939633354
46866,0.7018693972930524
1177,0.7532342768965967
55964,0.732933289577383
70811,0.809603912607101
3101,0.6997012531999621
56164,0.5780306439903615
99319,0.7768222657611941
63891,0.8152057078044305
42324,0.7285733672225356
19250,0.7789916813271084
3836,0.7130695298334702
66176,0.7926850246457868
21763,0.711743680241465
97198,0.7988827052292654
65280,0.8426144406897467
22078,0.28477333414197986
34758,0.81827114001279
28904,0.5241359038873161
98450,0.7961794015960687
22911,0.77915167513282
66745,0.7088871591707311
22343,0.7493878295811947
16396,0.741484231791695
35882,0.8125118120238636
75364,0.811782298233385
6319,0.8032905453639715
7977,0.6434520953944736
56091,0.8379512430918074
21635,0.5721238834764107
57416,0.7979990948285423
31734,0.7665544398167383
24139,0.6879343187545286
30143,0.7860712147406232
27508,0.7213389709188325
7109,0.7597063616118924
28644,0.8285338915705633
41673,0.5733643682692049
49619,0.7600561933266125
18491,0.7764178658189196
95292,0.8081970811223754
9760,0.8028230883518428
10222,0.7393799863096209
80480,0.6955779452337275
53545,0.8082960482782381
20625,0.7766062812748078
77596,0.778098314296541
22175,0.7973996185229926
33721,0.7877534025453449
105986,0.6872699259130493
16798,0.8148225623157538
89143,0.6540238044801095
63701,0.7090849271671142
44219,0.7858558894259724
54963,0.6923207750087368
39620,0.7391490668466503
56293,0.7777652190956371
54135,0.5652907726315054
95599,0.7970381225279075
17022,0.7854207149270422
49880,0.8290729108285566
28119,0.7645562998212674
71651,0.8802031804027923
47348,0.8464655296195238
81945,0.8001900853718059
50920,0.49710754135778573
90637,0.7178245609480349
55655,0.7399963336132204
62941,0.7264824568656284
64372,0.719125385591448
7304,0.6883072204857642
32520,0.810284075094961
71344,0.6672070255729576
58410,0.4597051241131916
13184,0.7892833195486894
44331,0.8021879359055236
43791,0.4426536168240871
17232,0.8103837341143916
54897,0.8043765213530105
765,0.6791712507863684
37380,0.5448451442000517
81060,0.6673218330922883
68905,0.7939782830174683
83301,0.3520335238683583
42923,0.6776245035279138
23076,0.818290546023001
10281,0.7952621830253321
31748,0.5780718947047497
67737,0.8134489389757015
65211,0.2743061608023694
70362,0.8461962659904078
26257,0.855603578671259
56940,0.30418171345104295
65813,0.6860711917882113
92988,0.5636595786703918
16122,0.6007607693452645
84680,0.42479985676965765
27274,0.6541463930949705
16499,0.6428217630260687
55898,0.7117101697173152
24751,0.8071951967908444
89006,0.6472792854074446
6031,0.801102579439026
1205,0.8390264301680694
51698,0.765601973729407
67654,0.725468669200672
25205,0.7731637009966271
80702,0.7950396488631413
52308,0.6915209220205379
87803,0.7816470972113931
94807,0.7563698129635379
93477,0.700437148491723
53829,0.7457768558512641
84772,0.7986000388165821
228,0.2674475250553041
37489,0.8090419536865857
20495,0.7761460183388638
90411,0.7904443009297276
19363,0.6914267398584013
4982,0.8002899786690169
79133,0.7629475554797419
97768,0.765581599485255
89516,0.6938094912930498
42386,0.7308574596380981
83318,0.7530067889331152
16592,0.7658538548819719
98504,0.7516517670504202
26521,0.5034647873066527
33722,0.866374555613982
19597,0.7812936544684027
16796,0.8164585335675623
32394,0.7908999038758724
9792,0.7905215073957161
80507,0.8029205433634301
66828,0.7310050732015512
36837,0.6498567733018416
89000,0.8315892759904976
90354,0.6629576293168863
24923,0.6791278729968002
78251,0.5167912405516857
71058,0.7500890985433427
4675,0.8094492453613624
78882,0.8107950346897557
66181,0.7105214301188036
106231,0.7193589093580044
44901,0.3178128838507081
104733,0.7942623727909468
52939,0.8052003187793559
54295,0.5989665905209997
47718,0.7988046288941683
96189,0.8166028486447411
71678,0.4239357915632044
21975,0.8159129209366508
23230,0.790089932988572
74979,0.7359419328837464
31343,0.752814234088936
37690,0.4171462403091647
64014,0.7967821707661752
79553,0.7578910489549298
17285,0.7142113328820161
18395,0.7460644132359346
102935,0.888164668270428
44006,0.7894798422061851
53481,0.7962769526913727
80909,0.6695651702019981
86409,0.8025308125133425
83439,0.7230053161608052
66298,0.7561688498093523
102980,0.6272423462926268
36916,0.5896017875285213
83407,0.8085744885431099
102149,0.7352228223967713
57269,0.7110831961278805
72800,0.7627376079326886
93810,0.7869391261807752
89535,0.8184511526979301
79225,0.3208740540969332
74314,0.7782805905498664
89169,0.6189707145016303
96248,0.7063412819769257
95740,0.6232988034492968
64451,0.8212257935890087
58200,0.7877245944875181
63294,0.6950155338300448
99139,0.595882495131168
43370,0.891295259342079
89845,0.6330245729178339
3479,0.7923190146040466
23489,0.6108073090229975
70085,0.7499081585295534
54886,0.8069038636914939
94038,0.431964500460567
91086,0.7843149556901001
47252,0.535520155691712
69541,0.8354820996806173
95949,0.04520576525365523
17451,0.34189610172203694
30838,0.7200416164076842
58315,0.7745344623266476
73213,0.8167984703205726
30924,0.7928461568400914
32505,0.6104483787214698
103443,0.706203931096713
79900,0.7822573036080427
64862,0.7854729339409564
30456,0.7352721655414116
99152,0.7605936525022221
1901,0.7858669710672447
17049,0.8285553918465014
5894,0.7993909935345078
10665,0.6082477467365277
30536,0.4384137560460664
50878,0.7871874198824257
92809,0.7507320820095328
39864,0.7273307326293993
101957,0.7906931148955596
57285,0.6997529665790178
14329,0.8054914419550208
66872,0.5423356681710255
94020,0.6561473345348091
48685,0.8089454697002064
27119,0.4984669787394922
46397,0.7288473190526092
10133,0.8105342576792468
36017,0.4344791760066999
37527,0.7488790472877394
76263,0.7088785190640704
2560,0.8058785804322328
2662,0.8373236763756399
106427,0.7057552091343817
40163,0.6069049078132772
100345,0.6691243884113325
98682,0.8057679068329509
25789,0.5046102627414069
67820,0.8108539320784592
59591,0.800354954719031
2269,0.7117223549492757
19494,0.5051122888441463
79641,0.7182947081932689
14432,0.751850428145677
94686,0.7338020270771802
46365,0.7936477054804695
52584,0.6604196741146168
89365,0.8358419844389564
81199,0.7895415296589212
70712,0.7660758910790465
63089,0.7330662954065871
52567,0.4086460842872914
41571,0.5953300918889091
47361,0.5004445950728696
73083,0.7400410249171626
90557,0.7496534912721052
64735,0.6843889025724534
71108,0.6226475730217518
87464,0.641161944450674
70003,0.6133526544480078
17270,0.425151715000715
20924,0.8122268002218697
27207,0.6782445186726891
93294,0.7897812586020269
19858,0.7402338161030284
22,0.7626383535143535
49371,0.8250118635572742
85587,0.79548868095292
65258,0.7474935691426915
81090,0.7103713349676406
28146,0.7441289361707865
68187,0.7361360966694079
39921,0.3118030420011113
26644,0.6052415168423878
43284,0.793184713745222
94367,0.7420281130981365
72801,0.6630964527876083
14197,0.6936855028081986
26273,0.7413948264586485
61001,0.6153922468436813
47789,0.8122857507395169
67460,0.7088313143571912
57393,0.5647677302987825
36379,0.5575232212979094
94624,0.8056296360807828
615,0.7470520146965116
72048,0.7872593232897874
66036,0.7877744113896508
14899,0.714044366570451
105042,0.7302863672224629
99430,0.6503568541306984
18239,0.8309573221817713
15965,0.7260097098618411
72704,0.6253082350097255
13018,0.7728034390005958
23958,0.7418611445140553
41950,0.7647730302611022
105425,0.7912214625594257
87752,0.8035386414987432
7327,0.45046129170402716
16772,0.642799701438625
13973,0.8137828767364049
27322,0.7726757906283755
55624,0.8244531114728314
83263,0.7653340906538934
29260,0.6858782369811778
8978,0.672927412486842
17217,0.7756072763278491
35489,0.5560536668703461
43040,0.5780509330151553
90491,0.6742866317069914
34960,0.7865350821713535
99779,0.7880576290495225
9631,0.7406558859951555
82917,0.7636988913829457
28657,0.7644155816401487
72365,0.8085237438862313
24415,0.7836367220885954
84084,0.7909724314262625
4944,0.3899290953123769
81767,0.7263880065465781
100930,0.728212977965596
30692,0.8064742361916033
56344,0.7895199687352067
98782,0.8217662348740254
2164,0.6063274887124912
24949,0.33896230146479556
103937,0.8591808918909694
93064,0.6168766362571153
37866,0.6446747818402487
23562,0.8214808176315032
105861,0.7133419045372885
20541,0.8089184873833517
88399,0.688652170267519
37955,0.8093883307771887
31536,0.7361907097791577
46676,0.7841597780564157
35175,0.7728637334008904
100936,0.6714349692759314
101447,0.7850713433968564
11041,0.7945164164734955
42194,0.8075314021077329
99532,0.7144078146342199
46596,0.49632757743152633
21233,0.6415066760708719
27154,0.8534787532823152
53112,0.6246042094854052
5790,0.7943741076908105
64198,0.6830983587924103
70538,0.8187199075674778
26779,0.7225669386922982
1691,0.7114850406256679
81757,0.8371582235598759
15392,0.32293473544310924
1332,0.6854961724645514
53535,0.8047431836069052
102852,0.7774239240880898
105946,0.7080690306071075
10256,0.6390218250275833
82927,0.8297289169489337
30371,0.7744301526959857
46489,0.7768606337887598
58019,0.3803197695748473
71955,0.7937705621501585
37356,0.7413002170634628
42292,0.7607623254734669
20087,0.5032356631314944
24074,0.6197749670812271
64692,0.6929852496608
96112,0.7456720428582598
55120,0.7621482899369854
51971,0.6956572196894744
27252,0.7812196323657645
77781,0.5761684714808557
13135,0.7592696890986779
33840,0.7267162533341309
78330,0.8261764298326463
84185,0.7639981067758143
42654,0.6134001591270278
17109,0.6660502693676975
60530,0.6182650709457628
32772,0.38468161902344755
49208,0.7495087547141842
94561,0.7539131365763195
16723,0.8043224275132166
79821,0.8056450061021906
6106,0.7019410815446314
78275,0.7225519037250002
7689,0.7984392544756581
2328,0.5440397644524109
66480,0.7003475386322169
37355,0.49382304639779045
80884,0.7881140258714548
103705,0.8123145510763505
59714,0.6991572855379042
100837,0.7563514214897861
56301,0.756873191213427
5411,0.7102510279590625
9658,0.681552302378886
39760,0.8058676436638694
23202,0.6977961028637425
48343,0.8171455883313558
91294,0.7225355779684904
74660,0.7645517485394119
6399,0.7905938002555447
9119,0.7449869610291323
58061,0.7703174948770065
28351,0.8065104753685858
105514,0.5468723377472401
53114,0.7775300432097902
20750,0.6791162649839589
46578,0.7303023021061831
52358,0.6507541081457255
98343,0.7868361490968107
89694,0.599735573648894
12697,0.7460540391993997
73166,0.6785516537845773
80002,0.7601603404723648
41069,0.7807511917802102
2034,0.7810314543878212
8928,0.4207585593686963
68185,0.7824190130214665
83161,0.7830836535672137
12405,0.6059639224778789
3471,0.6636107322977949
66568,0.746488362498974
105055,0.7055076593977282
67896,0.6967046224143267
15905,0.8199408125247629
65908,0.6580839183153554
54125,0.7708987886179441
4385,0.8142272956182613
41533,0.8386632178778581
4209,0.7448017236871749
6676,0.7499474821501888
54989,0.8189939326861996
46181,0.8178131397928378
61799,0.4016203367876229
22469,0.7462379584819506
107157,0.7954197089849553
20637,0.8134547804564471
57612,0.7179660114475048
83711,0.687275407222167
39352,0.7852436058074674
7947,0.5816222377019855
7607,0.8042788015932839
68904,0.7835170201374602
37781,0.7093221415000085
79615,0.6623609210984424
18733,0.8052002976875647
12398,0.5549260261428705
66207,0.7133672385480863
56608,0.7098455837955858
102448,0.8115951526435807
12244,0.853816967326
4832,0.5857470182587292
42673,0.807986525870309
903,0.8145625033826426
37244,0.6929645697632166
69436,0.7667923540846278
25689,0.8807461117974548
39049,0.3208626369754542
102646,0.795699615384526
68325,0.39147706063952425
57463,0.7161510572799756
48178,0.6389214798014636
23014,0.7460129361985657
80092,0.7597523215480133
103270,0.7668082548806048
23921,0.8030808877047683
64591,0.7109397230889766
91253,0.7960776804412721
31515,0.6693226018208944
26218,0.628303793167706
15596,0.7624729597840112
13413,0.6945074264739062
11049,0.4971019418778247
82461,0.7590635059747396
11982,0.8030598334101381
65915,0.5685737222804724
40511,0.6307542928558441
22433,0.506446674007066
58141,0.6301609479614027
2750,0.43615520216776105
25979,0.8076296077598334
10155,0.7921727825884218
99776,0.810963247352188
40215,0.71643665348315
105401,0.648081647253548
2384,0.7817813711046467
69519,0.7167141095332318
83363,0.7170281894546819
37895,0.8065760531560388
98191,0.7711967904871523
98740,0.7596939065186309
88686,0.7966748970109416
106492,0.6344185707261829
74955,0.7586346980720263
39688,0.7908092204566246
86780,0.7550454814123664
28423,0.5940790262606042
54109,0.8232450179899499
72700,0.4157317898548541
60079,0.4997118813038139
68108,0.763581718174232
72120,0.7274647929061285
40885,0.44382358089360574
101144,0.7976080920687542
68920,0.41469868580204505
8266,0.7774209172650689
29163,0.8057369207192385
57837,0.7486773381801052
26281,0.6593316933401767
81402,0.4984101476539137
39021,0.4704065666046779
61529,0.7486688099948683
52587,0.7222379965147825
56985,0.8263123067020272
63064,0.728083726333184
94357,0.4124060260003409
91353,0.23990855540179534
85931,0.7919225034177583
4918,0.9438912473365021
50729,0.6998969622966518
57826,0.7869008126935988
71191,0.6001509532532754
105774,0.7913411558465927
10023,0.7365259104663374
41218,0.7488112194961822
98238,0.5333376311159944
37995,0.7622729579041858
83325,0.6512796047959639
51447,0.706750653048427
94497,0.6098461619237135
30670,0.6753164269761871
13858,0.7156424181550419
34727,0.8180955881882156
52123,0.6057952835943774
52200,0.7763062443673264
21611,0.743522797010038
65726,0.6037337477821033
36502,0.7896540422209364
102741,0.7825933712601596
92910,0.7557729683941208
66329,0.7454028405870817
46266,0.7901178894830853
93789,0.7506153928467736
74483,0.7472593238522359
82877,0.8120239395255191
19578,0.7890530076997425
3150,0.82523741107597
7795,0.3617035348789718
100091,0.7306613733037163
83204,0.6064388783674302
80606,0.8079162286725278
44874,0.32286943241707017
93047,0.8009278177798806
93488,0.31033866891052486
1805,0.7653344281225517
62917,0.7790679671399642
17899,0.6499729625110329
3849,0.7686062719847616
7118,0.708969228821426
88547,0.3737229640563491
97092,0.7956680182036305
44105,0.5804711264270107
37481,0.7974562439114549
33563,0.7592465412484819
61042,0.7967339523284261
41714,0.7337877011349423
70454,0.7393414626146942
59857,0.7503285149444522
51036,0.7418346356123728
69184,0.48122476188937735
3234,0.6646355462114408
74841,0.7364577667950261
23186,0.782308597139727
27181,0.7832949980015796
100045,0.5212006855799546
28886,0.4048425466231167
73093,0.7815145833819502
900,0.8200443145732894
19020,0.7354358798822688
88602,0.6178524547211024
22700,0.7368538981870415
7526,0.5055628288194518
33457,0.8036354164598523
76909,0.6909886623620349
35423,0.75622821702303
81166,0.48923172735156667
13660,0.823854230160754
14412,0.8203530439618287
15714,0.8155674714010609
22063,0.4589605750796728
61727,0.8008573145354507
106614,0.7652618115711943
87164,0.8632527273648675
46710,0.7180540487257882
19162,0.791922542618663
3254,0.7994030904379353
9038,0.5725173378443215
95150,0.43693476613116616
95704,0.6496596643351616
83830,0.5945376745737754
71414,0.7031189039752318
38616,0.7215611775546235
103614,0.6357507197331442
88630,0.8131473506742164
52521,0.6647322735917416
93076,0.8982804651524192
89485,0.8167463576178078
40660,0.321382079642488
62817,0.6684808527237015
34049,0.7728063637289683
43571,0.7998508315737921
60077,0.7868111170466053
40460,0.8240317954879596
22185,0.8299611862865377
15237,0.7117365718107352
66961,0.5778185909570324
67110,0.7843712754595296
40897,0.7869660912900883
80317,0.712722262085173
83200,0.5777733951544897
25955,0.7966406583406382
60010,0.7604962456395722
912,0.7473073228035333
21643,0.7695317769396833
30001,0.7086147526516856
71796,0.7557543837564904
74445,0.8071357802209551
14690,0.7989532835954473
45915,0.7278050976647338
71040,0.8347882982067615
19444,0.799148828667065
101898,0.8050241499843824
19483,0.7761157694436157
45070,0.7586016147809255
96007,0.800596957554292
8226,0.7672277431943083
14087,0.5030880768382359
19621,0.7385884098254879
68803,0.6668084898587836
28496,0.7066197106639488
15223,0.7505797393398301
71389,0.7578070226677711
18222,0.48910628445633597
63426,0.5821845854752141
2400,0.7418066813903759
90638,0.7900491402572178
93030,0.8015984665389354
47044,0.7315250839976394
95745,0.7799973345202627
93733,0.7412238696086046
9250,0.3459237276654311
12306,0.6388588128942374
64916,0.7862682958689795
97639,0.7520649536766514
93987,0.4810618679268749
69833,0.652798736437338
65147,0.7558493931145305
1571,0.79791082561986
52732,0.7492222085992306
24727,0.7365955312731906
36305,0.7591059383975611
33909,0.8292388101937574
36684,0.7723534807894421
88787,0.7310304253924786
5125,0.838856947612922
96456,0.750794426219456
100451,0.8261648036396753
672,0.794411896386527
2769,0.7654689088147812
9242,0.6933948207137284
36840,0.7785122065390577
92915,0.8223183188277556
53862,0.6376684143588869
92411,0.5052802368827175
2898,0.8110044810404586
19531,0.7630830463054303
47770,0.7845010778930599
94350,0.7318222700335254
89205,0.6093099571770563
59271,0.6945625122670291
73559,0.7835487614367183
35876,0.6868351844704909
1124,0.7857955356561916
55758,0.7123741671409726
27800,0.8017645599202083
95921,0.6047929585012243
90850,0.8148795400873717
67816,0.7158996033604597
70511,0.5234188432099697
12435,0.7817571083011813
82454,0.7268199164339288
78358,0.8049981576540428
46740,0.5736776300848166
100956,0.7064256014186765
92319,0.7177376781079903
18044,0.7418217731705793
23905,0.6759188073951111
5811,0.8104682332269558
81252,0.7595781104547453
62867,0.6264044241127449
41210,0.8041735388551169
43549,0.6889605779884892
103807,0.802811059284356
60885,0.7569180620461503
7522,0.5663003879566857
85303,0.8032042085669644
106575,0.6870744258878516
20611,0.7685103706641061
71692,0.8023777562025313
2623,0.6942539772851508
35836,0.7631384797935347
20442,0.657049777995151
61523,0.7560470747552973
77677,0.45992230394310846
80546,0.6722472029324856
36731,0.5684125554302957
406,0.8024624063664079
76807,0.773623887803278
30786,0.5787131442410655
33955,0.8608186352438231
97280,0.7261168817266795
59464,0.4576341891738402
67539,0.8206310508130288
24006,0.7314476775502237
10504,0.835766374415611
4761,0.8063727079787599
17116,0.5673567262153071
45348,0.7743413484434788
27158,0.6566417158929914
95018,0.7774548717820748
52617,0.7466236113016852
92514,0.6808161616553735
16579,0.6944397782111302
88082,0.7678307281025463
63377,0.8201318204733665
100532,0.6658697406793437
57329,0.41299131709730597
16635,0.8071031010116442
6974,0.6883134380901365
17773,0.7036710208804473
8296,0.7433169252208216
99140,0.8121582478260886
55910,0.7658967804408128
18845,0.7991611292680607
75295,0.8231425167140684
21725,0.45135695397597475
22226,0.7170204265392814
96840,0.7717691736919994
70051,0.6456954870445726
34100,0.6835700240784779
57844,0.5812090397131733
70993,0.2919745926141929
66414,0.8135982747580248
46674,0.7639511815884298
93752,0.3308547271646053
92435,0.8497238292850748
37500,0.7320020169763002
56853,0.5248436745183637
9443,0.8268179355951656
99816,0.7593702752115167
8717,0.8268756592114886
75599,0.7709194616979788
81971,0.8039064684882157
85158,0.6939006282834544
39350,0.6865915434617322
52049,0.7818442175406541
82140,0.6803471597583134
6755,0.6408375745757888
20683,0.4413703360058764
83701,0.8028861790833436
75241,0.8060129742717331
95970,0.6236602062484695
101659,0.4223250684281821
47233,0.7729718722213796
86028,0.7565854770251375
41131,0.7400751762908859
54595,0.7621739080123103
77569,0.32348850219509895
11808,0.5663374390611031
92335,0.7803135818540557
77221,0.7867701881773266
58213,0.6144060657057404
81687,0.7224015358718909
88983,0.6464720876468294
103781,0.7166581692740107
5839,0.8122214991073093
50704,0.3940766737518191
41307,0.7074539422774927
66524,0.8428436705369092
66762,0.5824381801050073
37291,0.5042121179000223
35582,0.5622406740842942
95763,0.8010543861387683
57070,0.7856435612761486
98262,0.8020910835013229
102454,0.6132815337804509
77409,0.5565310043568936
96948,0.5823950204769961
63730,0.4783824076847461
96065,0.625458657403224
19142,0.7839370941922189
80975,0.8304437630592257
45052,0.7738093421705341
72532,0.5425759549458465
35240,0.5504819661475696
4074,0.8096803731057707
3116,0.48500681064019513
40238,0.7273039442082221
83980,0.8056861089609924
71077,0.7370261912766215
36494,0.7954839853662847
102186,0.806978877676445
8686,0.767880180327965
33403,0.8544602439467822
94903,0.7754928233210483
98535,0.780017044053421
21363,0.8061432393753623
27301,0.6156714663663482
62190,0.7363541945958768
194,0.7945946549636655
59599,0.7789049189304234
41074,0.8012225820236396
27736,0.7843276528063389
68224,0.7542218124542034
2846,0.7675205864517017
73329,0.7127795658541248
5316,0.789234346540128
2706,0.5842902808226351
18783,0.7852704379745817
7565,0.7481002582523647
71519,0.4568869494811193
51119,0.7549572577877531
73556,0.47124521598974956
3629,0.7572949543158647
96197,0.8021073104300082
76831,0.7725701356681126
41283,0.7383431962355064
57436,0.7435832186712408
55158,0.8259530272851956
13294,0.6088198208791692
36363,0.7548249746187063
92465,0.7574380819323034
12609,0.810514488572431
73237,0.5815869318900234
106084,0.8529780043336903
425,0.7688206313379875
16773,0.7861220884249362
102694,0.8126710858153237
75930,0.5312224457408471
76772,0.7977755498440222
73463,0.6483967998026531
35492,0.6654467163304051
100962,0.7339043766626042
58898,0.7306107825476723
18809,0.7593000612779307
76369,0.7826560233960304
103775,0.7448927993196416
50947,0.6117698741724015
107105,0.7169636772642869
52820,0.7801022043261724
35491,0.818093364921685
23943,0.7812787041523339
28067,0.6959102870955051
2091,0.7816405556314274
19327,0.7941700177673574
45743,0.7839539341055229
11684,0.5119870140060349
37212,0.8113397444038133
98860,0.8301145916416367
70244,0.6859531300256564
87254,0.5465522038425853
81809,0.7283884798480758
39662,0.8500964083190075
18993,0.8112312647929971
102329,0.7024948846568806
71104,0.8316331389622783
103136,0.8055483863823456
62301,0.7844540660659947
97951,0.7817387659705927
12261,0.7576009599871925
29607,0.7655955243283804
64961,0.7437773756393536
105560,0.7246366464728918
14058,0.6893567048354722
25224,0.6857665928044223
97216,0.7597398454339768
66479,0.8086467238443636
43400,0.7768216595674929
103361,0.8142565578863902
71857,0.7297201470815988
102951,0.795855792694544
70474,0.7698982497225383
1561,0.8356584969344869
1056,0.5703423762025773
5929,0.6125433477923423
3326,0.5997350100648718
472,0.7224267971621697
105328,0.8481234006485199
18584,0.8410045322517886
14336,0.7792298989759129
38718,0.7244533089544927
81705,0.36615410336072074
90578,0.8376342441232753
21136,0.7318179204374843
96526,0.781963603043906
70688,0.7914597066262312
32076,0.7092689646205085
79227,0.6345476132871029
70403,0.76425037198362
36172,0.5970527319026329
69145,0.8002447945308739
79692,0.5967733214886037
92917,0.5899965145055142
85506,0.7858087011948358
15441,0.8044893608732966
102805,0.5939778901988405
53322,0.7862741061248197
53628,0.5654832093048413
67053,0.5512814009927844
49664,0.6133633807245565
52379,0.7446515421803955
89927,0.47332807709421276
79306,0.7965392619337355
61848,0.7828040022664654
59894,0.7878881715630696
6343,0.507385059583911
49379,0.3095168543255958
43932,0.7139557475280158
51891,0.7557711276559843
47684,0.7262257079833246
42368,0.7341963859065457
94677,0.8175769685448875
81349,0.7613563680303872
101549,0.6857272419135924
102583,0.7098895706195004
102751,0.7761033552556461
73545,0.7566277935496318
87746,0.8106682030785058
91360,0.8007407891270144
50130,0.4385966845115462
86506,0.7944651544019575
43251,0.8092710846659773
82991,0.8158083066689759
1196,0.7625893069330797
35346,0.8006613179920905
95915,0.8070188431941419
50942,0.7580907315462265
94004,0.7299402107345963
67116,0.8344964616740526
85848,0.46001480444324394
92443,0.8085649061056422
27564,0.7488383397047272
1052,0.6644744339016532
56865,0.7506686560818898
71213,0.7010301116034398
97167,0.48462008292028963
31611,0.2683228255819388
97081,0.7926674822409069
85914,0.5678265007678814
77780,0.7752925589655998
79735,0.6313837980283455
38070,0.3200412950738984
104624,0.7688742664135699
85892,0.7703999383566194
61573,0.8149374014727713
106356,0.7511658099098579
32933,0.7576679696729112
68606,0.8057099004303909
26191,0.43303512830116675
72996,0.8604081006440183
14888,0.6976426534786417
15547,0.7749641928709454
82169,0.753825576526442
79334,0.8904031149252368
71949,0.5153431204970901
34097,0.3025272125635981
34726,0.7235867712503944
35190,0.8161162566554685
102937,0.6897357969008855
47205,0.8110150302782293
53487,0.7685552858108957
32023,0.7010492734601895
84844,0.7216276804692254
31030,0.7871499980738002
594,0.8180452646836297
95995,0.6515450346902202
29256,0.764818541943399
28103,0.8216681309170256
101705,0.772747146501361
54597,0.5275623856606088
86133,0.8216202333767645
48719,0.7307766535064203
13481,0.577200139303415
56647,0.6825461828017733
103100,0.7135429404119932
61338,0.7937010401578143
1745,0.7287941149029147
44981,0.837171821160666
21909,0.6152199446640364
63191,0.7656966308474331
105688,0.8284517117028318
50576,0.7814339795042158
59004,0.8654572771677694
78710,0.4385834130168335
81266,0.4830620094410048
53011,0.7617645778461011
59454,0.3574830177589982
62370,0.7447628227545561
15436,0.7899498556570267
47496,0.7217846931597559
46929,0.7395461981458017
31547,0.7654598960154608
40230,0.6451390659936403
72864,0.6873555088738172
96419,0.33126588897888615
100337,0.7889780819878431
16843,0.7465223366164323
31034,0.6856857003171283
21759,0.7821522082548984
46175,0.8405773645376555
30282,0.8377872946817797
38301,0.5660683731408981
29861,0.665892411301134
31215,0.38589972407652734
75124,0.7714788983779323
49611,0.6728196224975922
79184,0.792566574572502
98827,0.8131004351627799
53215,0.8297055725260848
67845,0.8085896192223995
103204,0.7754354729655141
30524,0.8542753724799359
59626,0.8048195013770203
74164,0.8377654830711199
33755,0.8013023302280018
86222,0.7351629052341688
41359,0.8239616217495043
88380,0.5983893350413814
34779,0.7866226484706506
20786,0.7511539201050057
27313,0.7954469656509976
1923,0.7605401120201273
50465,0.5393607808205636
18269,0.658484117511401
101096,0.8275047451047479
51741,0.7557253887220656
2655,0.5686387889648248
51362,0.6179028682208814
28358,0.7964243524352395
89742,0.7305121553438133
79000,0.6918370381165194
20164,0.7764227574100787
27133,0.7434868798912133
22732,0.7449841976494113
56571,0.80277896673931
67016,0.7904304593175085
75456,0.4001064046633555
17639,0.3913328194901386
72842,0.7472732214251667
12597,0.8033082888155206
6071,0.7643927133094475
67489,0.641253754105879
43846,0.6719309186703041
7860,0.7534787860065506
46167,0.2110653068802223
1043,0.689286884047192
19831,0.7057744618917802
36952,0.7905295060846743
14413,0.8195408835939225
101104,0.7075297625085883
29305,0.7064232107316152
14320,0.7923921083838098
83868,0.6463714788088284
19295,0.783523462152809
50380,0.817034282297912
41683,0.7300610313318397
11830,0.7754344878297336
76290,0.7973541992712427
27478,0.7226481766020574
10160,0.7480053261598761
34859,0.7973881006002174
17876,0.6638240943004656
89367,0.4497968806824181
62132,0.8051503834311925
79903,0.5589727230423656
99802,0.7975695600681606
91027,0.7911743544344857
31945,0.47407182620202276
103290,0.81057273154748
77395,0.7218201080524964
39151,0.7515345302112525
14446,0.8007759899771337
56349,0.8053160432589807
84526,0.7983349269281255
62866,0.7673804767368003
48188,0.551339504687445
1284,0.38008157351494687
34337,0.40127625965209573
73565,0.7865659903803692
93997,0.6145080925938614
94490,0.7484818319054879
104352,0.8195277047042456
96339,0.7958931356841402
85425,0.8031314355670687
1773,0.7683963323915152
81364,0.7178380233341101
7846,0.772347224552294
67297,0.7727729872832753
4437,0.7407906280267501
83380,0.5785249617180896
32965,0.5833773837876908
11367,0.5158110952168197
11935,0.788408893656734
67673,0.8006710499895318
73183,0.7383575858081984
106947,0.6401879803599207
61526,0.6899286517172054
19961,0.8220150339264698
64622,0.6709857746302269
45930,0.8199400349469432
31971,0.5212921679928244
75761,0.6770092515771314
63725,0.665252734346041
76687,0.6443588293654349
92060,0.8127437778091151
100387,0.6345709565736937
98217,0.7618698839751246
81871,0.5991285209366258
16317,0.6911568467422929
66790,0.7759715447699727
82663,0.7457602846630028
73834,0.4603897514390755
21347,0.7433240529679391
86955,0.7934700937087136
86852,0.7702333754166829
68457,0.5017177313786834
88093,0.5248709083527195
81164,0.7276910991611767
61819,0.8163967648013551
13012,0.767308944175679
13155,0.5957703237306501
15783,0.7902731131352231
15673,0.74166201982549
35925,0.8501399292770974
106969,0.7448272576793997
25640,0.7652525357281217
97931,0.3208728178481106
50074,0.6714117350701191
29649,0.7519885107761121
91931,0.4337126290161913
61722,0.7627977455293642
20287,0.7647892242116713
76463,0.8066785466911618
62710,0.8194985776508318
35255,0.7457997991750005
85906,0.6547267210165155
11618,0.9470907865502055
94378,0.8271673403609012
100329,0.6358830165372883
17723,0.6631808449498781
39882,0.747521071133961
11795,0.8097818610879753
66789,0.8577872804103774
102765,0.6241290899746863
13650,0.8095534495552612
97337,0.701647436089013
23806,0.7181934994109863
34279,0.636263490292562
98949,0.3876588697907763
82142,0.6456021957087934
15659,0.3278899843265401
63656,0.7812822952960874
40763,0.6255281600392337
80836,0.5634871946801633
104849,0.8119581262749267
86473,0.7585965379796945
51194,0.7141257681013778
66403,0.5100345589722223
271,0.7416998435854215
2273,0.5941228767335457
81275,0.5779767035454123
14715,0.7041599845599659
57319,0.5767607437476423
35197,0.6338266075216019
98220,0.8096614776837934
94959,0.6889744403374187
91613,0.7599716193630452
94534,0.6353260682625935
81910,0.7479087714908079
76649,0.7443458932941139
23354,0.45969148901588386
40827,0.7944744144972029
78654,0.5014274310669377
73369,0.6720977804461231
67659,0.800294581604012
34111,0.8035954267079005
102361,0.629807126276333
37171,0.8257954424887072
27744,0.7652794582277558
53767,0.7809860790564974
42072,0.8132810205575149
53742,0.6662702489375949
46497,0.8025823673843919
35788,0.6571233438901585
88746,0.7599714875571046
4922,0.6594329384827188
41718,0.7096878529899305
8802,0.5263328998463095
38604,0.6651712782747249
57098,0.8084407098098353
13275,0.7778113841263465
18055,0.7855693284864014
49524,0.4480456251444779
76101,0.8059278545491929
66332,0.7120219271271906
91441,0.740856576447395
81061,0.7784104074706876
96013,0.6783652892745757
33186,0.6229086578649994
75009,0.5352682699941146
73082,0.6726463431359736
3525,0.6330240456940713
1836,0.7427459691561594
34802,0.5306903133432522
19758,0.6097290455279053
15902,0.7709347509030287
23441,0.755738748844911
57798,0.7407324743367328
68964,0.733653609042986
68435,0.7682134084710677
26294,0.7698476316962997
45844,0.6331409621084524
60688,0.7777366717469072
95472,0.7691642178940761
39837,0.7710552763572283
46184,0.7948721274317894
64478,0.7848851601200233
55688,0.7043048483787953
89513,0.4667295626435186
34602,0.8069938568960795
25366,0.7682193601910424
44642,0.7685864732553418
66923,0.7950515374429653
83881,0.7067943853505252
13996,0.8165121939959038
6535,0.32261265626457186
75328,0.5855198757177129
69789,0.7241844566508121
102472,0.6895703304500242
27005,0.6513194465502969
94773,0.7871880809005806
39038,0.80197547318013
59584,0.6344492496951252
75032,0.7140030613156736
94365,0.5128866940866557
86729,0.7546423870306591
103277,0.7730443813963457
96803,0.8236253213775234
58216,0.3220033310360858
59839,0.7304353033903548
98342,0.7989023976242338
60175,0.7102888698991238
82073,0.7945947648544718
93301,0.8158372921872391
63588,0.7984405307412388
27987,0.8530197277314518
80054,0.7984485107529542
28762,0.7709379736150902
92627,0.733334170528294
37981,0.7930333224475677
103582,0.6106553594986006
26564,0.7260376072709326
54394,0.5963088555339146
44332,0.7509205145092926
22138,0.35462190166047164
94855,0.8487491982108117
4632,0.5910699239059648
32784,0.7255430622915827
32830,0.7969682409498184
5631,0.6735674621345946
16808,0.6950241966618675
99344,0.5834798469989256
62996,0.4754354813738298
94028,0.61935927841464
23890,0.7787688224791628
65380,0.8018036744693516
227,0.7437315821650458
67725,0.5242596742106105
104891,0.7452561678453429
28004,0.6945083991108474
83787,0.3742693496756627
29242,0.6611775128229782
19087,0.7561066374053698
21662,0.8350229502776201
80430,0.8135012603127653
11521,0.6651907855539397
5769,0.7631072622382488
81749,0.8058925360963595
48697,0.8172996164624227
48172,0.8303108163154433
53034,0.5845829445512474
19406,0.7992335794818833
96433,0.7071671325506579
31600,0.7952355883894247
27238,0.7728870903225785
99691,0.8187586127136146
82316,0.7900519108095682
47283,0.8113133068023273
97742,0.3072188859260065
22508,0.8092256696100047
49085,0.7734658343003196
35900,0.8177929021837234
87088,0.7327429663441298
24902,0.7757746143378481
94494,0.5789761925383254
28022,0.8366933280996216
2059,0.7462158219014716
12010,0.8070535162701234
57179,0.8170987741843512
43643,0.788988535704478
49136,0.7614113538327967
43229,0.5925163532084943
94695,0.7380430604735695
35330,0.4198146833926687
68583,0.48837860658321913
35691,0.7959721058180083
58106,0.7849633017264355
49013,0.7747245083129222
4021,0.8035033207733935
9736,0.7542640312605005
16976,0.7934679875122764
60727,0.7967241557307168
22616,0.7475487981043363
94363,0.5530187850917303
102735,0.7770418044629451
73328,0.7530308798775417
82486,0.6484397958094967
45754,0.740836651025196
52339,0.4058784140556466
27609,0.7343547757419042
75284,0.6871232849865375
31833,0.7615218458438295
43459,0.776997832410386
43426,0.7976812274727392
16966,0.7451477870018766
67316,0.7469641137692015
90027,0.7262727990643929
21202,0.7218349703085618
60034,0.3151308056698963
100336,0.7476529452500886
104126,0.8005169291047389
10532,0.7762255836766866
19102,0.751618961006298
70178,0.7633967876219641
89262,0.646237709414175
59485,0.7960213990205539
39936,0.7794375697457803
84258,0.7349582469686129
98035,0.6653601243724364
13638,0.7453767930061916
104139,0.5613141419520421
93985,0.7550356209644966
15049,0.6483633847241844
17040,0.6429458515016336
21849,0.6969093852156287
27661,0.8032524699228688
26382,0.6842411890182868
55516,0.3235593319805799
65056,0.7810046590780791
38204,0.7835969865743955
45724,0.790446777404276
51528,0.7915566305791849
42609,0.7934629326195222
15379,0.4281777248760159
70841,0.8395892068787342
49635,0.7504740491555658
54418,0.7650819288455755
34898,0.7845624729013653
82519,0.6661133544179078
22371,0.6498071415476416
31017,0.7307424385022429
95026,0.7902299929921811
54736,0.6399904077999323
17067,0.8041210153950458
65336,0.4935094937001028
64461,0.6254628388330651
81513,0.7132605666368157
56947,0.8038902892379859
27779,0.3275430347305135
97067,0.7645823025199622
56463,0.7509418807067738
33626,0.803597451661883
87493,0.7478266745699184
45569,0.8109570502226542
20981,0.4973339930538718
145,0.6783214751618938
22884,0.6551826604903549
8896,0.7420245452476744
17763,0.5462875920541674
6716,0.7400845117875092
77738,0.7978485771948518
72793,0.7327481931314311
7354,0.7856934547958104
23390,0.7854254573843246
86826,0.5574292118470053
102897,0.6667480591075159
2390,0.8141273465201249
101532,0.8078820275697581
71510,0.6745274820658345
85733,0.5713501007942643
104850,0.8192903622582495
36937,0.7826237985479307
62521,0.7680888882174214
329,0.7572654877343247
58726,0.7679029463954364
104467,0.5808801793462415
11753,0.6888010746201838
75997,0.7621221400928655
44827,0.8187145691428174
81596,0.7783762509838028
5976,0.807702718476944
14096,0.2797692170697983
32561,0.772101556459069
97574,0.8057815420722908
87563,0.7831688058861583
4012,0.6460145665017023
44065,0.6367197751888666
7357,0.6762169615229059
32431,0.7881052235639492
97914,0.7926285935230627
10926,0.7768911957231168
25951,0.8205396612182433
16993,0.6971510355001805
83006,0.7881782542813872
65555,0.7263507781858957
47229,0.801892797442258
24230,0.7146272078949331
80478,0.7319770192979028
12794,0.6431160356961634
101427,0.7074972018962176
77338,0.514847384719242
60261,0.7415015483652758
61243,0.6572463415579387
52749,0.7218017279413257
35153,0.7678949823623507
1847,0.7926814491255824
37515,0.8428836872749911
59715,0.6903912814787905
75508,0.7491393435678594
68453,0.7635574386109595
38857,0.7899712014018619
76901,0.6509454358311471
45312,0.8046083414425648
64699,0.8166157013218166
107124,0.810604347254709
106450,0.7297277100155721
59034,0.8382106305074725
28823,0.8034811793638175
16562,0.7168049374614307
7111,0.777283664955247
62848,0.6389758020291374
2065,0.5704428395995403
93643,0.740517389766769
14995,0.7989634438157248
10652,0.7749397303701173
96790,0.7936251634688939
13931,0.7963397051830243
105910,0.6255800279493922
105867,0.7665304261378633
47543,0.5940592280993134
52396,0.6901207702382708
11384,0.616115816007476
58047,0.7116586063243299
27059,0.6787610706990936
62378,0.8150323770271325
91044,0.7617876393406808
65285,0.7442429869422166
9793,0.6409261663480293
87140,0.7131582852268783
60724,0.7993761285176904
102439,0.6623742653136742
79462,0.6939534870106839
37993,0.8179360786592609
83192,0.7566337316345093
16217,0.7997665524230854
50809,0.764965456139986
69198,0.8112474141293459
4837,0.7662426000281499
1378,0.747797339794319
6627,0.7648670442570387
44185,0.6564001928693478
89323,0.7203203927896885
30419,0.5636919211212057
44183,0.7828888023453963
70038,0.5371079173228681
42202,0.5190701743554336
68211,0.45475409301986125
86889,0.7784145979905935
70314,0.7819229156294752
28421,0.7829122001723763
79594,0.78515617188224
63970,0.7929458982160423
66554,0.6806013452423233
73096,0.8312584442157467
63901,0.7829683574568961
48610,0.7983488599802719
4433,0.7813492643605786
83417,0.7314717616771015
26109,0.5474641373306532
107024,0.7755600369650976
103750,0.7471010305988166
83501,0.8588750066630011
29599,0.8310097383364673
7580,0.6917191763353918
90263,0.8263437160008691
16027,0.805845430954097
96145,0.658624786265292
38150,0.8089813625808925
40057,0.7611776619000402
31590,0.5229432146556179
101651,0.8020726342204396
98893,0.7799088282514449
5608,0.7933360312304844
32223,0.772461502575346
104466,0.7605707705364236
24293,0.7845864350225287
48837,0.17545752296313663
63309,0.7327961886739541
55433,0.35225884839640026
35375,0.7123391340309567
65396,0.7034406968167257
91489,0.7939865230902585
86721,0.6411713617578811
10224,0.6900182252164521
87346,0.7379645813984989
57170,0.864183550007739
100290,0.6127624001756228
35196,0.6670494129381456
44191,0.37907032197808954
92164,0.78594127283141
29280,0.8056399829891553
25538,0.3301987517231971
83987,0.7104671260712596
62898,0.7670698624025826
106361,0.6058021920436799
25136,0.6020782469875228
29505,0.7757712315554254
83536,0.7818991931167406
45658,0.5754724452136225
3288,0.7965589478096449
23616,0.8008558066055389
41581,0.48331045909408066
11609,0.8237023098950034
90769,0.5775542155103011
94406,0.6337789392214143
6965,0.47031421154558034
51073,0.8043885182501896
51777,0.6808584395470922
61494,0.7195614723636073
25372,0.6854872005705229
71318,0.7581058108275908
46254,0.7932042973712171
46722,0.7380672195934825
42554,0.7873120504951407
47197,0.7047225959450758
51552,0.629060886490748
4582,0.6621310515379645
69685,0.7800401941761332
64327,0.6785732245085181
90833,0.6859922354847349
100852,0.765889327723876
32398,0.3233392069696445
94635,0.7902257702487054
24454,0.6146041200391671
34791,0.8119998782125736
12741,0.6455062500740716
14778,0.7612677228540156
48422,0.6422796042869204
44847,0.7562192178588069
4140,0.42218166356476466
79918,0.7600753347307162
11546,0.7065033669236547
8942,0.5945054230236102
40240,0.6853120668356705
70332,0.8640374431225386
27702,0.7635578862966543
30292,0.7346465668242889
95337,0.8038678007015576
53342,0.7625921600771913
23596,0.7013377739390905
16604,0.809831637736722
23231,0.7943604106674359
54794,0.4828658822013309
94579,0.47467893345468015
88392,0.8098486376277333
25986,0.8093242447989857
102710,0.860760890606725
55373,0.7757762879040103
20649,0.6264006426457582
48177,0.7839128183217852
76434,0.7648200270327474
70908,0.8035911180171513
102742,0.769194882091663
25058,0.6787819414880393
78434,0.8112947659994042
80726,0.6762374050788026
65248,0.7509630878281197
88275,0.7822459643202442
74074,0.8164874895431146
21876,0.7932412448630982
103450,0.7259500676737011
67928,0.8335914820856114
59256,0.7717229768460628
46298,0.7851456989912495
98195,0.8010897152795297
95110,0.8101963208359363
82195,0.7139696007868804
21832,0.8170430634426105
61503,0.776035966059719
91959,0.5220701866452011
26200,0.708392373304662
25686,0.715949416915957
64370,0.7712122799576938
57104,0.7291937505149382
85740,0.6115083075557156
65082,0.7003902619371143
73465,0.806572143433918
14815,0.7877259929460627
62566,0.6896665033363678
65389,0.6739951678669422
36629,0.6541878710609805
2761,0.6834939038752414
46122,0.7956513769843088
46708,0.7952745713989379
48543,0.7556665589584735
38437,0.42377497013549265
41679,0.4587364504401938
11943,0.48242974088878227
80663,0.7879918284134478
57362,0.32918415504246706
78294,0.7704028005907958
11443,0.8421831659706788
3339,0.7007663361009902
8333,0.8128235448757504
73688,0.5610243325037996
101048,0.7741296283337755
38807,0.7313322200912545
91992,0.6712889282937012
103660,0.7754308677113984
4349,0.548958762157133
23900,0.6799648679900653
54890,0.8439568353360766
47554,0.6226970775150436
57897,0.7079675763930734
95129,0.7380903651711623
97155,0.7630420251151802
78284,0.7552688288512988
53620,0.8250757979604209
17540,0.808988093756176
90980,0.49510412742030196
53178,0.7618255290035827
54282,0.6075901714437021
83611,0.802277477447511
74832,0.6582606746267875
33521,0.7548115497291489
22312,0.7352030628682562
8327,0.8137001109855859
48181,0.4601710081180008
61597,0.834791180893584
56734,0.7644978484316255
7246,0.579386881669233
18123,0.8051327636187289
18892,0.8088552691423863
48849,0.7463043045929336
47669,0.7859022628180127
94924,0.7915434287868054
48512,0.8045453151937116
9957,0.48580517285775504
15707,0.7911690171460833
55630,0.8315405799448503
9362,0.712360304792043
66120,0.36834789961687914
16363,0.5322931099417064
16402,0.7314468276291581
41921,0.7937248500914073
22353,0.8031355329138097
14686,0.5961039109313152
28415,0.7161830861235513
105355,0.8112657847953711
41053,0.6185055213417515
37061,0.6109449507852862
6933,0.5306292644675734
31839,0.6120114517364342
44786,0.6056420432807688
70036,0.8620746822276777
68703,0.5998475996083739
42378,0.7144194408271909
36526,0.6297956000740755
49901,0.7813080821057414
74032,0.796793543040967
45628,0.7487378581276344
31979,0.8136169150190404
53486,0.7834283920049602
46763,0.741464983579329
85408,0.539891513348168
22637,0.7233905349299421
85061,0.7267668849954668
22921,0.8008488783993265
29685,0.5902729797385249
44220,0.3428650299168512
1290,0.7497398150731602
35918,0.5390427739910888
95177,0.8209856766847751
31992,0.7963994070602232
61329,0.7966105166264872
58169,0.40588070475199434
7717,0.7885649467772915
81789,0.7989648478823246
12979,0.8212419118829857
43043,0.6996846274713115
75875,0.7767041790009608
42519,0.8319555612907645
78452,0.3776210020349309
52550,0.6596367922775336
106635,0.6319264749011916
95352,0.8016032375802108
7091,0.8363173573352336
101511,0.6428188360251801
61044,0.7882298267200523
63031,0.4660538435812089
86820,0.8297730906873072
70201,0.7320288008524449
92595,0.8149340102039208
45050,0.8021322708338133
28950,0.42227238241218523
25218,0.7146249217436178
49914,0.7573493174488304
28318,0.7587191902250097
20136,0.7896211769493602
71667,0.6556939948195231
100422,0.6737867872198212
13447,0.7621677517658759
19832,0.7881691554105151
106236,0.6022460132247965
102494,0.7628348079963627
19099,0.7679229672633165
1374,0.6758600219455853
100798,0.8062385321587843
50458,0.5878429145162187
8098,0.7809135721540476
46587,0.7831951784368676
97916,0.820152309195523
15653,0.5574804434526227
41534,0.8196738013631232
1648,0.7960350987425415
20773,0.7799766699621639
67182,0.6174795620799317
75074,0.7290722163476023
103776,0.8385534780696934
84381,0.8294133721757907
66906,0.6502960779569655
76170,0.7924384584115427
3635,0.7923734947715977
100541,0.6841286812853685
42074,0.7080477416751777
61498,0.8171028360163685
5817,0.742789851444328
5050,0.7798921812179548
79558,0.6196687405831354
93493,0.6585877987913287
3526,0.8262159511621926
14253,0.8242691899177642
41847,0.68322741953346
11067,0.8045517890242876
19072,0.8312790945706192
42248,0.3708919542526778
27783,0.5742238339028329
97731,0.28088322269996624
65049,0.7878059306214646
48336,0.7705967757576112
87509,0.5641880568619081
22247,0.7964279849636438
98041,0.8045208602916096
89133,0.7789406241371106
28435,0.6813829635603893
1568,0.7384811152447737
49259,0.78731281406059
40251,0.7913720480059627
21063,0.7926650218160042
39510,0.7782497502322726
84092,0.5128761132511449
21541,0.781309756382065
56060,0.7303783950392249
58625,0.7055988145682626
55009,0.638840414602937
4421,0.7955884435982025
58289,0.8058415211609602
81464,0.6870154131867039
56880,0.6663162810261057
94733,0.7733383404592021
89920,0.6960376479944238
95370,0.768444055232092
86551,0.7348992297224327
64842,0.5954223742274876
98219,0.7987432277155042
14959,0.7707471436107204
61918,0.7739924876613129
30768,0.31959373663987084
84626,0.7237606187410673
87409,0.8112033742475038
71910,0.6474172725921984
76044,0.8059577169746517
93349,0.8124640954510151
83169,0.49103455991758943
40924,0.790463000862048
83906,0.8251961166156447
90343,0.7782809853995593
99624,0.7522332005511053
60372,0.7193158769909013
17360,0.7160250280755606
3376,0.7999965935052755
101531,0.5996125123506596
92693,0.703415081013917
63830,0.724670243352658
105550,0.7794348935738692
67793,0.7601879856321562
74065,0.7833065209370951
52043,0.7532114017483468
101272,0.7660334609287412
95104,0.8056759677863536
12014,0.8056886128477677
56921,0.30367797841610766
91011,0.5990401109656827
22278,0.7414035711010551
72818,0.7969060536855466
18017,0.4206084278572738
85902,0.755625034405881
73281,0.7718599061745172
66154,0.5919809302074158
64930,0.7903454351116658
99208,0.8059504284470117
46912,0.723690879763371
82434,0.8230464597260518
34011,0.7749476455441044
93158,0.8547307688223992
2811,0.791787303048049
10413,0.6226820789080051
19194,0.6060844021976896
49608,0.8119880911148019
66841,0.8343325325804127
58801,0.7676373074296879
102353,0.8708301418115402
48903,0.7937869261444167
59202,0.7818630913559732
88029,0.628783166828785
77130,0.7363682432911363
40716,0.8040149000372002
51834,0.832022381221379
2106,0.6915754078693795
43645,0.7324890717421958
103317,0.6233805413126239
90097,0.788067350944919
67179,0.4724434319808898
75619,0.7850077078295923
91664,0.7598679960322812
84404,0.5525349209386047
62415,0.6444203418344223
44375,0.4597708452822147
99252,0.3689116654402279
62134,0.7874888623411879
36512,0.7778118511284293
39584,0.4995377156608704
49182,0.6792634967646874
9209,0.6997182698014021
23385,0.8198334018814968
14286,0.703742441520145
29787,0.655694140260561
39647,0.7694018640050518
47671,0.7656957314991399
28786,0.7995961066583881
59678,0.7973580348844236
30071,0.6490173330811261
89480,0.6254558576632435
12125,0.4510675263104567
93053,0.6049080023622416
19649,0.7928213227828617
18321,0.7744618883849693
55999,0.6652954303807438
31501,0.7122017377004195
8089,0.49275500013561424
25411,0.7758398177992702
91874,0.49905870560238647
466,0.7900987237914644
49124,0.7767463591744821
16452,0.7919126935333745
51030,0.2808848225513837
14352,0.5819069203536403
20051,0.7950254397779482
68506,0.6686480281067586
46932,0.7502765879488721
48724,0.6952250870955342
106754,0.7956642362395309
70520,0.8065013710294715
32716,0.67350681322177
19783,0.7662408814377601
1729,0.5831745662602713
38511,0.8320606083529392
27811,0.7236947021356496
40368,0.7490462613035722
49438,0.7680025280561069
106631,0.6378326354708607
43598,0.3613926910206159
88438,0.658596143470881
38912,0.723679930780233
88719,0.7555381901986121
33208,0.5650216158106516
75282,0.8108830978614637
73266,0.5925500955292983
19084,0.7788120582364674
5823,0.3917683063180165
34194,0.7964987221263348
36136,0.6317532182647352
55696,0.7900696360099714
27683,0.8033962370395746
49127,0.7806724576151941
58850,0.6648547440357593
19462,0.7715282608389604
25121,0.5077645516121786
32769,0.5010693188712486
67726,0.7675920411791427
30824,0.7128791384247304
104718,0.5917338804243303
93260,0.7573398410562016
72559,0.5948068313946292
34565,0.6690310289000667
29042,0.8074861947650689
98338,0.7915754864984388
39563,0.6785553807111747
70885,0.7535602784381262
7911,0.7781640638720168
23393,0.7182202969222284
29608,0.6964647810526845
55788,0.483876442893258
30151,0.7846141847180661
88907,0.8047355885736404
2054,0.328794482141543
24459,0.7650991272483129
21357,0.7926275854046866
10902,0.7975586706952977
46706,0.7717356018099116
47885,0.35752352308806695
105126,0.7831248503093418
51203,0.7646331989294375
87021,0.7859604548567412
16789,0.7080366154357747
104871,0.7016399731457533
36294,0.6171742995214071
7053,0.7860475987520863
71733,0.8144704329273511
80090,0.7133297056702306
6574,0.6951913629548598
31797,0.7618898480300993
19952,0.7952027931752624
16668,0.6469530247990662
48236,0.7736556166747129
40314,0.6162911997191124
66603,0.7850753310946899
23583,0.7531538275499651
61738,0.31868160317037564
50567,0.6036526098630578
38284,0.8029038726815682
3562,0.7997250578925625
42704,0.803855034699671
21007,0.7602593835466916
56284,0.38134025661761434
72475,0.8156625196759411
24080,0.7990632344147321
50203,0.8261474643409323
86643,0.7231130243394711
35152,0.7582647006165173
44133,0.5319422697979147
40041,0.7580620921605898
82527,0.8227311097521004
35320,0.5460855562723269
100607,0.8004748396077216
91405,0.7997643526806484
51837,0.4724318330581134
22239,0.6574448685747386
79207,0.8255694714298012
65262,0.7870195931394075
65622,0.7148140314532105
29865,0.7924960734442003
90444,0.7588609338790717
58080,0.7972613779732085
96233,0.7709323423199022
104292,0.793141265252645
23999,0.8156126404660298
87724,0.5894340940117666
61964,0.7539779214686607
28233,0.7990977573848037
87041,0.8148811214013595
29483,0.6049622336892668
14131,0.6133234026192503
97450,0.8285102789908008
65873,0.8145445677858526
44510,0.8058611391543246
35799,0.7866014223169814
91708,0.7600947272478621
93454,0.7794873548238088
8299,0.6625107799079187
35919,0.5668293933719646
628,0.6446403941248386
21766,0.7571280561797861
44458,0.7669677025722628
60983,0.8051145979762762
4255,0.7955976433474898
49690,0.5563663832820656
67251,0.7931383773215169
18018,0.8117463339509717
64334,0.6850883194338838
23020,0.7898474396005034
64539,0.7099224948344661
2636,0.7782776601402033
4239,0.7978624837527103
2916,0.7542371473936421
47620,0.7737956900293548
95172,0.4942363171071216
87497,0.41716863822900874
102911,0.6891839117923243
62964,0.763850063706796
17161,0.7855896716787497
67138,0.8050440484204513
16931,0.7342635614859483
2191,0.7698547605796754
85278,0.6904624385066068
32044,0.5349404458945782
13297,0.6826671442950222
22001,0.6484482495698275
25536,0.656263123781146
82091,0.7927998411109309
79109,0.8337092643286714
99901,0.7928391458434945
87478,0.7609789530819429
80502,0.8073171330160105
77107,0.7814052492179304
92705,0.8187823816303981
82783,0.7389731150059594
90183,0.6139873045972266
53221,0.7691727511924745
54010,0.7178764379482582
43465,0.5257826963997496
37604,0.8052006375707716
12589,0.8047267070121316
76240,0.7903203510776521
9378,0.7425048892731784
19599,0.8077587621356529
58146,0.8181638301280995
15010,0.8043536758895038
61669,0.8034532657630479
389,0.7820162032724156
28590,0.5799105966667566
26249,0.7821339235894087
50580,0.8205635386171615
91531,0.8175813789307375
76422,0.4961792275728188
98346,0.6510201561643931
64132,0.7757450737574987
2103,0.7693700760481952
52810,0.6332701501104103
99888,0.7915696850485988
105511,0.7081273161030655
45949,0.30494266096159045
35279,0.7663437525656561
69937,0.6616415879048778
88281,0.7028899661464033
35458,0.7958443974549106
98724,0.7722889265574969
33661,0.6788544802057163
36453,0.8101712962446441
66277,0.5065013961975943
11313,0.7785339261128108
54039,0.6507384186937568
67162,0.6122684642306193
82272,0.8115664790947461
11190,0.7914715816597281
51756,0.7680991622632427
87877,0.6628466578049315
65208,0.5548136729410551
938,0.7971167175723214
8843,0.6147535788857891
62361,0.8176214818824034
51842,0.7246249748295964
68472,0.7235034789859741
7764,0.6067066534984233
42727,0.7182633201992666
203,0.7528549121292373
37980,0.5541974574433961
102455,0.8153071243799147
83234,0.3765976788919239
57168,0.6909910530490962
34845,0.7650358467617079
55704,0.7264550321399103
43121,0.7102264938739735
33031,0.5466862641193145
84017,0.7935577589334823
65439,0.7706620117444217
76588,0.5802362209705939
97248,0.4445580581352467
36473,0.805123967702675
33423,0.7501555469175555
56678,0.7235903618260187
40269,0.7558826650244774
60140,0.5225042736030887
16164,0.7936798556906145
31227,0.7546407042323997
100102,0.7739384369993271
95294,0.5776495339305467
62010,0.7379608590169339
104912,0.8002862423061509
8993,0.7537975382213449
15518,0.7973559541250771
50328,0.8267829121433437
40417,0.7072946207104848
93859,0.5543904031603649
5016,0.7044495531214893
21094,0.7985694541531791
26228,0.7939870479283229
39317,0.5964351165349837
6096,0.7275927219341016
71548,0.7716842963475171
24220,0.6618903102598999
21791,0.7713768112681314
20371,0.7811156022545974
67898,0.793929051368155
103635,0.7923469261453484
49440,0.8045932079048759
94769,0.7875053770006082
10446,0.7748383170613752
33663,0.7462000620015001
16336,0.7770078036434213
13881,0.45826020376143084
45024,0.6974239192476317
18329,0.6745560884999859
71536,0.8066738893822215
45269,0.7755480727353391
53758,0.7811962663540116
30249,0.7653018016072106
16989,0.761453554458964
66127,0.7550709835893642
20159,0.5795284866998058
23049,0.7961565716229556
106243,0.7385092012727112
91756,0.42418598650873557
30302,0.7734559624898688
50487,0.8026607429179423
94582,0.45536436361509397
85863,0.5835737291889215
54544,0.7345302412641245
24480,0.6756989096357976
66645,0.7641873142036044
48238,0.8452100666723372
87273,0.9499850086649952
84861,0.7451010549783706
25328,0.5332150606812632
93455,0.7833971466113506
76358,0.7812017487993874
64119,0.8315409963834473
95989,0.7498635126759357
14317,0.6205929911091047
29470,0.8102102744073063
74323,0.7169055735696264
80695,0.7713511011558997
26939,0.7811012444971325
29512,0.7383449733431888
74168,0.7983194560194254
48035,0.666418853318119
95266,0.5129070194717089
1493,0.32799786521643853
50973,0.8211637119257249
74763,0.8066493408808578
55922,0.8241689513578745
22062,0.35625076856497784
30450,0.49651086949960127
93468,0.7600726168013195
53150,0.8123527052989632
47326,0.7700644933739461
55563,0.7788945755728574
70116,0.8565911596791901
57580,0.7724694382019791
75952,0.5813371914477358
100913,0.82453926483517
95057,0.7467097055786022
91782,0.6957783357138262
16983,0.4273568192975741
2975,0.7957035865622318
88963,0.8198407538975587
19730,0.7959452878319278
93990,0.7692653698634532
1787,0.5710760535185094
46145,0.6339906831925378
85637,0.7579877604276171
24327,0.5317298531619906
106396,0.6196444701099276
105351,0.7040587212372941
19104,0.794363484824846
17291,0.6289199541249757
104618,0.6045579803242883
97225,0.7533629876701489
101063,0.799643274534526
63097,0.8424556497552756
39930,0.8359150435628473
80503,0.7739944724201647
32279,0.7954588313214613
70128,0.7625417397598637
29146,0.6034321394296573
48275,0.7878739407824482
61528,0.7381150265171594
39366,0.40335024885324416
80412,0.8208756576411801
60591,0.5828852658556616
21378,0.7177823648669001
81393,0.7424612046939207
91555,0.7548584033322724
71883,0.6408450284289837
44107,0.5767688702656376
79009,0.7968604469126492
93069,0.779303013208322
52996,0.8050077744455643
6842,0.7706041137124789
49577,0.7798098150038935
52152,0.6911158232795265
69008,0.8290893945249435
32692,0.7863079495725955
58630,0.7763379033588877
35659,0.7887928074334327
42219,0.5015562554663008
81987,0.8180705593248593
74,0.5778850938716343
78664,0.7898969867744904
22392,0.48714613922764194
10881,0.8002444781051832
24942,0.5251065955547154
56862,0.613462826034254
19427,0.6212303591877202
34266,0.767053591186462
34763,0.8085214244727353
24096,0.8036584751137867
104578,0.6843290081350132
94951,0.6643711162243204
40265,0.3206154599314604
3839,0.80129222729555
43888,0.7080422876362547
105288,0.6037500371783536
12266,0.5840015712722422
30075,0.7523288928002688
95856,0.5966140999123094
52529,0.7012265751755139
91774,0.5955800686728834
54433,0.7961442538016577
103412,0.8638097665402109
45906,0.7921080020014336
51747,0.799606438085244
53810,0.6936907295954998
24965,0.8115793208198026
17742,0.7628544493540345
1212,0.8119912480348559
59267,0.616037186946335
66069,0.6772975157143457
25825,0.6894977826422825
41556,0.7914967889710889
64267,0.3365192556298524
15754,0.7402218990279815
13892,0.34051124851894904
64328,0.6828051087546138
55212,0.7466633587465952
8371,0.7806324033805947
81568,0.3283377972823841
18101,0.8389492992632451
54160,0.7777014886508209
34453,0.8080793015069123
66343,0.6679593011616175
4086,0.6819613734782464
1085,0.7703629690627857
10156,0.24575703041978825
21172,0.58176442449671
67913,0.7295242334584495
78219,0.8258708405999153
28244,0.7721818126418221
51011,0.8132191200031212
3011,0.788178929786833
8356,0.7413226058932421
63902,0.7370765002406544
49992,0.47752790522653804
26714,0.6707788665736152
106503,0.5770867498342043
78596,0.531935434069131
7829,0.8095873378896707
20002,0.7747293274676269
53668,0.7488040701601606
42773,0.784514399099065
72273,0.7621113797285735
81964,0.7773136894395186
88213,0.820473129622001
21519,0.783845708645353
28541,0.6740602618214891
99540,0.7676760856464311
20708,0.825247539964818
25251,0.7949913877957399
10159,0.6919253390066841
14546,0.7603847923541791
28348,0.5497463071974954
75697,0.7338173392914568
34095,0.7805797770181485
78762,0.8192229315889015
82267,0.7763866959864743
69531,0.7610996486907943
93925,0.7642154025040583
57367,0.7365345369379008
94289,0.8016056149073623
73721,0.6365494637334287
44406,0.7699597883254622
79677,0.8327800722161862
99727,0.6093910587358424
90442,0.7671223734348307
103355,0.696262536199352
65494,0.8282945893633938
38906,0.7589816385779881
73588,0.5690595862478699
45264,0.426164675469768
99425,0.7222374920161821
20711,0.3674231127770825
52116,0.792878843506096
101759,0.8121336385704241
78431,0.636058582050222
52806,0.9822824272974606
22326,0.75726916182492
19481,0.7763346792265035
29560,0.8068284193576609
45130,0.7634623360797546
59789,0.719404168791001
40995,0.5040982375673085
48922,0.5725674422818948
63198,0.7030835390778482
63610,0.7031554778512435
75000,0.7971459738551218
36325,0.7556937757489578
15996,0.7340298150128025
52599,0.739014661147456
1266,0.7625853845700875
92023,0.5384074329969396
86566,0.7643034500086645
61816,0.30325649028813223
4673,0.7824820713696112
57549,0.8251603310186961
22904,0.7736951073252903
80619,0.7115706872168899
48653,0.8252085788105193
74673,0.7980915678736913
52436,0.7432547559946472
13915,0.7982447811298459
42346,0.5680736959920049
21030,0.7034522866494373
12289,0.7629667116552011
42408,0.4582141716729201
49915,0.7839125010217083
78645,0.5772008846887345
73874,0.8070143028310166
82582,0.6970595439972459
16442,0.5379689828079135
11874,0.5679357269873807
61980,0.6354252772306043
23261,0.6948593483354176
82191,0.6932819584682802
51689,0.7579905465325002
5899,0.7941410247213843
96499,0.7615372285061088
102987,0.7556210143246915
82598,0.6988449690890391
99762,0.7227954174728506
78500,0.6838675055414722
63759,0.7927192993035149
13717,0.7121821213404262
16463,0.6552167300534945
44868,0.6903941471217413
91073,0.7835645262368028
20326,0.5527891336928092
9638,0.7898937793308972
50179,0.7668632713619832
67939,0.7285795711918106
81082,0.7015208751158031
83482,0.8024247061035296
103547,0.8460518884900491
47572,0.4615676784054221
8426,0.7241632904347581
82627,0.5683030383287202
29611,0.3325908204743392
14886,0.8124265846946845
35291,0.7083855239407811
86593,0.8032075870884192
47202,0.8178562663983477
6977,0.7556912941612478
102331,0.628474886368723
24357,0.7985640250542339
74222,0.7061631712458278
38526,0.7756235043661615
44934,0.8138571397080082
82699,0.7891294815633153
18191,0.612442411712006
76815,0.6665483322021528
34754,0.8002954901067285
3226,0.7654963108153372
94643,0.6347029079553725
45623,0.7489781585375527
8614,0.7440919305166934
8033,0.7476109855106404
98802,0.8078502250190864
97750,0.7330673589441771
3638,0.42189947159088476
42685,0.5011022067259546
52955,0.7958318305068031
100242,0.4459612369091162
102919,0.8131222547102532
16489,0.3373399794069969
101697,0.6396563751860885
96562,0.4081940171810872
41528,0.6695449675328207
7450,0.613485932979158
88369,0.7847248778467842
7919,0.7517605773994518
42515,0.8067434801847589
33567,0.6614052280380814
52062,0.8166057348468622
95469,0.7829750704698039
3189,0.7247174616946345
29365,0.3872690150885547
93701,0.7254206191177597
80260,0.8118186073816467
100649,0.6592804799146891
53246,0.7449958011172201
91012,0.4974576906566472
17185,0.8123509092299736
1118,0.782399634139418
5891,0.7013694255449741
72853,0.7987817011665176
20340,0.6270803431564816
59057,0.7938927258355563
95083,0.7798632333382416
41544,0.7290494184649039
8584,0.7255290908618748
82913,0.7521980095012123
71575,0.7669911810735685
79719,0.714083540205016
104129,0.6908182054655592
10317,0.6632298040392776
27663,0.8238237429353676
22832,0.6750220634054438
50048,0.7460587433079708
70974,0.38309642079058537
28207,0.8150168807390423
13688,0.6370448177285521
995,0.4198423535501385
47354,0.7814139745439492
99701,0.7851669208839509
62148,0.7671844835755834
13409,0.7862167756538024
33367,0.4940582972766724
56974,0.7620986831804638
74442,0.6726281675512625
61515,0.6861108062909226
53062,0.7920315112404599
42478,0.6006552155119732
72667,0.802527332864916
13944,0.7309850250634764
44207,0.8242959714503766
80275,0.8116783226714841
85960,0.8031947644511674
91032,0.35632374360576874
102511,0.7760652292510576
72265,0.789264385795755
54713,0.6011362799251183
85697,0.7910101008681396
103872,0.6920167123387753
90881,0.8477967946176763
23006,0.5967693764004494
33177,0.3456803684486835
38093,0.7896232520052237
14292,0.6480419054899286
94164,0.6822232582472028
7505,0.831830516085872
28045,0.7065427178144846
40618,0.6101645868961725
45324,0.766101368258366
57494,0.7706741163020566
34644,0.6842366212606886
104294,0.7658166813457432
33832,0.7828910271387737
39588,0.5241357766264079
87158,0.7910602241249879
38524,0.7941712026005006
99879,0.8147874469335492
77420,0.43382803647980356
83432,0.8018973008947488
31875,0.7574713061194098
99635,0.6816657736586805
67714,0.8109511290928783
24552,0.793632566794111
11900,0.7982207504426072
92004,0.514106108109077
30687,0.7910103942357801
68401,0.602143386392394
87198,0.8207838877550088
59808,0.8207864054189137
105525,0.7086269787889381
55013,0.7812701697176774
7316,0.4745058222592617
52527,0.7811713129896805
71735,0.7916766738338495
26045,0.4771598666800088
62203,0.7535836399048468
22328,0.6612904932392697
39358,0.7003535562551619
12055,0.7229102159021166
85025,0.7926245716220848
25527,0.6489121428504296
25415,0.6821795350351695
14621,0.7049352943730108
48629,0.7759986405489683
64113,0.3174260106897646
76973,0.7858541008136767
26713,0.7290613673551778
31372,0.6404517013219813
55011,0.7880330189061563
26050,0.8104567274120844
99136,0.8349408499479561
106457,0.7391740145296909
47510,0.5442662343286268
61051,0.7834036965712198
79394,0.8162631922012801
83584,0.7637491458065894
16347,0.7923143817601638
56011,0.8113251247033461
98299,0.7990083228419345
69772,0.8308467369975735
104626,0.6615923833837268
90275,0.5557306968654513
35908,0.7699273544058706
48174,0.681755574409549
22707,0.7011085952235429
45075,0.789703475982161
78717,0.5936550838151134
92880,0.5820765046038884
99616,0.6956930163649395
40147,0.8245448465610982
67878,0.7920041462615011
5688,0.7878489996328917
29843,0.7514195908859811
93697,0.8474516539445592
77944,0.7121564146369688
10496,0.5812254927305912
35884,0.7833163046875423
14897,0.7291090992858196
97000,0.8101935692378193
74501,0.7366612297170514
35821,0.6379762221355756
4888,0.8561118314684356
3176,0.7052438202648244
42938,0.42911687401831017
68361,0.7621250352785272
85859,0.7730968617496249
47267,0.7915462301246489
66499,0.6970990766893733
100083,0.7183202194603316
83134,0.7552899677971581
62253,0.7135598570227195
40822,0.8039385319166477
18377,0.7063816964053458
78837,0.5848895706195029
20140,0.687698613372403
19794,0.6613910657170112
26676,0.8601753540780084
75027,0.7772923050619077
30260,0.4811474236174481
12762,0.8052369827748389
46202,0.5844839719249234
2482,0.7953509119829852
19490,0.7350036018472907
16583,0.789026164170047
35114,0.7757875482218702
53722,0.8358439001701282
33729,0.8055917154548474
101747,0.6994930452640736
30627,0.4197884676455785
71514,0.7068331635672682
94384,0.813323793381115
66833,0.7703449582355004
21412,0.795663960981004
41926,0.44131883169831304
65530,0.7995462926129904
53842,0.4832830434584272
13505,0.7043260055047843
2411,0.7866094244147138
94830,0.8090557211579631
21680,0.6683584822703974
66212,0.7672013342833395
50007,0.7778614658387577
105932,0.7636480892828934
27844,0.5476179775885436
89481,0.7772144259311187
43317,0.6753282622406502
41947,0.8118489838991252
101165,0.812321650299603
44602,0.6383592592891432
12673,0.5342452195530537
60746,0.7030869114919156
67705,0.5720646707938359
16913,0.8110365410645548
15005,0.5702250416452121
13607,0.7679363023884834
78049,0.7264714851573282
1253,0.5671185483355363
93833,0.7534684869630509
3236,0.7910561487932478
63170,0.7872914815247553
48337,0.7365616548739295
8170,0.7750563110202271
14341,0.7476812017167426
86045,0.7672722663320503
14679,0.7945431451878598
27186,0.8006471888533079
95164,0.7227875909269961
98424,0.7359566292461279
54091,0.5952541353068403
101540,0.7922654004072069
45523,0.7908331628264264
21227,0.798148149627426
29555,0.8033425845650399
28851,0.7003920163196345
23068,0.7845441863894563
18148,0.8185655565615676
99684,0.7601439942632091
44819,0.7275019985416488
43191,0.77262136727373
105945,0.6751016651035261
66889,0.7723939190792823
84551,0.7199328060586526
15466,0.7764900693404544
53972,0.6624070986279911
82578,0.8164529827336515
51330,0.7082319427497398
44020,0.7955094832823146
39564,0.42748946152418316
95189,0.7876706656270754
883,0.3385487762336479
38667,0.661562667961661
17135,0.7043444856066686
71661,0.7240364022192127
89711,0.8284233160445594
13972,0.7433557125276296
100712,0.7205529121040766
48492,0.6149185090228229
59473,0.8015771911178248
81897,0.8722722669683529
21537,0.7776827705028627
2826,0.8041208955198152
94308,0.6610854395558918
3396,0.6715637664050998
2405,0.8096469953362926
89372,0.5233124167304506
33708,0.8048416561376291
9461,0.7925831686224789
19859,0.7184520572161996
63887,0.7663469863562342
73122,0.7929532461841846
82715,0.8484915346407302
67703,0.5867776134536338
24295,0.5882627300722576
32582,0.7706021388958856
85799,0.6960757717264962
20195,0.8460536746877965
47550,0.8103142034492024
46895,0.6360193129699759
29497,0.7220856561175961
74348,0.7719767657759927
36210,0.7875162088071288
22446,0.7814015137693971
75233,0.7915554106640726
106445,0.746454402016613
32445,0.7801129845749812
30797,0.42356848022186494
103642,0.7886587112979955
64029,0.7265792024260589
49215,0.591884066476142
35695,0.7485721053397297
102275,0.8215127604035272
14142,0.7903013879240391
4152,0.732283227223174
30678,0.7177793060600707
26282,0.6919614356542899
76198,0.7472117816766983
106055,0.7680197582740714
106491,0.7176844375980362
39059,0.3982406143080307
11665,0.7564164177261355
2387,0.7374855849751122
103031,0.7189967793536418
40496,0.678527146969683
56135,0.4572104103495172
403,0.7936890281341992
10484,0.7490389892516748
64823,0.6451982241358261
45120,0.23341315864700696
49419,0.7932933730473798
101273,0.7323652196083176
47271,0.7308015466490717
69213,0.7711338054276556
92835,0.7034026730753671
51893,0.8091481310415143
14547,0.7197295294829571
68392,0.7752053079779279
66218,0.7995104258712342
4600,0.7595150947162798
45819,0.0
68767,0.49977427550909387
67047,0.6977086018992865
85484,0.8056777659858272
104509,0.8302927748091891
7036,0.6473273900307461
50165,0.309725998538166
84954,0.6897173804294552
31011,0.8176974949933129
70318,0.7825189175214723
82472,0.7495298800249462
92128,0.7782793622548506
65709,0.8031608932715922
55667,0.8423920215736893
32659,0.8097315645589781
92473,0.7724662271365631
57335,0.6924729245145609
7319,0.7513957840060819
53187,0.517765259182828
102462,0.8165980159969713
105817,0.7940152930035455
52118,0.6607527795418436
95221,0.7832781911817931
49818,0.7859174883926084
52260,0.8319247300632356
36139,0.7595795125972519
77601,0.6976789137474153
5720,0.8039842255422742
89736,0.7863969714185303
95828,0.7610969534865598
52148,0.6514051567719731
92217,0.7749926129587671
37128,0.6737038312878013
3448,0.7326293723484595
23882,0.5840365771120635
75919,0.6223340021439343
2773,0.8333185074375115
46545,0.5073379730478751
47383,0.7651813287049485
47764,0.8282014613647177
60087,0.811670615450485
40895,0.7900121865159172
60037,0.8045180807912268
56735,0.6607473800433098
90269,0.7091470759406426
81695,0.7938189802697354
28667,0.7535542926304082
41830,0.704760010652088
12071,0.7944631933092317
64758,0.5803353572180856
95667,0.7687740348132611
15970,0.7913968161602222
8714,0.8420785018274869
73494,0.611074293318347
58667,0.724952789839068
103827,0.7326339037457981
36019,0.7945288582601093
104906,0.8403663926539171
80456,0.546804707664594
9779,0.7374877575006165
54446,0.6446349309958508
100246,0.6648866774336539
100011,0.7903761724558684
89389,0.3217954957928571
92286,0.6883703237161042
95191,0.737652674002553
52556,0.773983600134449
79106,0.6822090868360676
26182,0.7829159884569116
41784,0.8071005672625854
67515,0.7294637708919548
88718,0.3151594575543722
36028,0.8056386238824247
99110,0.6393366957846773
21228,0.7933184251951503
2517,0.38546685518733254
96150,0.6917807797050279
92186,0.5428218593807582
71180,0.763321901395034
30270,0.722128852105867
62162,0.6882105385557878
80856,0.804411793929423
76872,0.7153394008425408
2440,0.8081169547571113
41282,0.8128949061062927
60167,0.8159782202210273
42395,0.5940232859828104
68137,0.6564655413457111
61867,0.7866149176545416
68046,0.6139246922303897
11569,0.7728333169075713
103399,0.8058857561152394
87179,0.6095269915659352
96885,0.7347813906664673
14901,0.8044995700103734
25975,0.7821701849944405
54082,0.7511455640628723
48998,0.6214466300111499
55300,0.8050184821869025
101585,0.6983979742390336
23064,0.8021474834834731
58738,0.687297209742762
44346,0.6859119338516575
86930,0.8046332104397314
91506,0.8225204565887614
473,0.6070320051003146
48432,0.7206273506453117
32006,0.6645444819415552
77706,0.7494919153690092
97917,0.7771461257402527
51510,0.7066796596417783
57294,0.6863042883217186
15801,0.5464814467776232
65299,0.8328141838208757
96244,0.7399235358286946
70475,0.7949431778510764
98757,0.8220305290783019
89247,0.7822804506060451
40225,0.6086956505930204
56253,0.7113549617973525
60914,0.7095805084138594
99823,0.7633472831286723
83113,0.4766337337252295
40439,0.7683394861084845
27291,0.7746099553154079
62575,0.7607472564184257
66246,0.7850108578211349
96928,0.7389118661488533
85392,0.7709249202819343
66892,0.7858080492667457
43058,0.3094700223113763
90704,0.6928948671457797
9915,0.814119722938375
26056,0.8228804904809773
66025,0.6482091263233101
3230,0.581129501645545
59951,0.7516189860039764
45409,0.738210426747989
16258,0.7258192275524527
96360,0.7140526748897438
91311,0.8077522233963326
30363,0.7126561364082632
84785,0.7103827429990547
87913,0.57391137201293
16539,0.7689834971781019
60190,0.8321443062615044
57898,0.7701469516249143
72182,0.7833402881135453
95817,0.7476878238290017
63330,0.5185146077705992
90382,0.8122154667712642
106043,0.7517070960027786
61392,0.5526061325068102
83131,0.8261002346363747
98380,0.7777150294387056
51326,0.6317079497416737
17431,0.4863073444015324
105844,0.7475283022805665
47380,0.7842717832791851
64299,0.45741184618707614
62789,0.7603514022733888
87467,0.6090449817860434
28121,0.8539618925027672
37282,0.7389577073460017
82185,0.7359839244384216
17592,0.5943851432852267
45457,0.7308598412350945
17879,0.7503157070430478
47347,0.8509513107400699
88330,0.40906735425370966
3610,0.7972813839909497
76546,0.8538710691196006
87496,0.6687594995722814
6181,0.5012193049416332
95849,0.7362186162783141
25711,0.510170219100369
67387,0.4900199450567296
38259,0.6256313504556583
62168,0.7428359426182604
9713,0.7765528919150414
81684,0.8003819546972648
46454,0.682278616742272
55548,0.8313413478798937
96620,0.8136388539172396
58233,0.5839999259705004
29507,0.7203883410246051
104543,0.7947502770307281
38955,0.8138661831230488
100147,0.684154597060318
25402,0.7197022592883418
31586,0.5831257707920395
29310,0.7733794639126822
99618,0.6245061458655683
100224,0.6452887793620788
99149,0.7869452733371448
74254,0.7042889544003669
14071,0.7551727332305066
99246,0.810790093010031
21852,0.5973071991786538
62708,0.736730596002088
94288,0.7833962273785404
29514,0.8200323768081363
87479,0.7855238152950117
84918,0.8043755450232304
42449,0.5782388610163148
93629,0.5804409655917662
41948,0.7669589658836629
100684,0.7940576394613394
96099,0.7984925387756571
95464,0.7384250568147093
72015,0.734406198238884
87554,0.7758425033453108
70392,0.7459986841131048
67226,0.5335443937315683
71672,0.5723052848109923
99298,0.7083014272056197
13317,0.7750298640446117
68304,0.5967186538384648
55505,0.7936748710683227
56260,0.7933987711156629
71880,0.782076495400194
99580,0.7541580092888683
101003,0.8162243962571352
49593,0.7687866779572397
40638,0.7180134979463951
76115,0.7009957057079
21445,0.6571880197017212
39470,0.7891861342563706
11142,0.6979284996586002
49054,0.7537742449301109
2462,0.7773359691885193
61317,0.7705317533873252
99570,0.7966410553696387
92798,0.5857200753064493
82303,0.36184079485853593
43375,0.6102047649829059
74108,0.7227131978360852
94584,0.7076039737982016
4811,0.7567708598081327
13896,0.8035851565679665
91390,0.7036476957739862
49275,0.80097104537033
23659,0.5186037994871212
106175,0.7301621628485708
73272,0.6023480582930473
96921,0.6928299095422059
51358,0.7628558242263463
16956,0.8261532711879982
99792,0.7693845451589548
94547,0.7243430101073383
15924,0.7017029218449904
81313,0.7877675397267044
15929,0.8081400566243621
53867,0.5134836931871756
37989,0.7597043305505227
82371,0.27487207188102786
96366,0.5124129562657973
26743,0.7581267270668608
21493,0.6924248426164216
70163,0.7960286302648065
2806,0.7333957693528976
52672,0.6939915107520427
102997,0.7764348108360988
22913,0.5717590991731057
102036,0.7918966384160142
53408,0.7711684692537861
23008,0.31024936811322434
31264,0.7747057577816079
76345,0.8015525187820812
17198,0.41024211787748077
2679,0.7795758566186104
5095,0.7067180424406994
106767,0.8074543423965806
7731,0.5537345731599946
48598,0.7591299270787578
39950,0.7784532483782993
2772,0.7358421966919731
89479,0.7574783077418774
27308,0.7754728683561385
66124,0.619165860014298
29808,0.7902581220558946
36108,0.8135039000445238
61131,0.7417601652559107
100018,0.7111004354359098
70535,0.7408786243997415
32555,0.8094013699603804
51749,0.6941187171198585
74533,0.7518864202575369
14536,0.7557873079714561
45541,0.8523574346949578
44537,0.7889557638901312
62836,0.5830494869676355
68878,0.7524922753537582
8271,0.7186625558484357
51634,0.7409832010510591
69928,0.6912145686542288
35823,0.7443927616685929
2028,0.8028272118325203
46987,0.7544775205240793
77389,0.5011288769762886
69142,0.6629784455654427
68128,0.7779675116718102
38330,0.8121963653087413
40839,0.31278411452259425
88762,0.8205851422925874
13202,0.5231969183661896
12164,0.49645185679845355
32314,0.7663376781298056
86213,0.7104303113085289
100193,0.6438438408301883
40830,0.7403170765522217
103382,0.7559964229253799
49266,0.7506370181111036
60873,0.8306287083828492
22141,0.3616501580180446
106176,0.5936370127661483
88056,0.8228719452518688
91514,0.8001130633768775
28593,0.6953336542853304
1527,0.7770537857365752
47087,0.7002286224035641
34354,0.8255340482991894
45978,0.3975303893594677
42767,0.7339743542545035
82442,0.7618985449496654
65451,0.7841566658454552
98499,0.8221859893561909
87603,0.5978528575927778
96190,0.781911322672054
101620,0.706075097607285
83753,0.7247351191456479
42516,0.7059208573865404
165,0.7480560078165688
84135,0.6431048367362413
83673,0.6570934830270546
38979,0.768823696110172
82212,0.7240269667318758
80142,0.7972798041483274
9816,0.6952434126663157
92679,0.7176704979835553
28269,0.7548479679377996
46357,0.7705924477504741
44452,0.7129743114039381
26166,0.7851631183961891
24461,0.7690603320876888
84233,0.8047690870250478
39606,0.7926155570917461
28982,0.7546752021648463
89961,0.804338600585043
8755,0.8104763880448798
68495,0.7550351823688666
80258,0.753177975307297
80935,0.7488449822696323
103064,0.7815305353095421
81312,0.7927722710884263
27595,0.5527668084934841
1206,0.6962570276200396
98601,0.626892433335452
52470,0.7978150669103814
80555,0.6734003140217321
89749,0.6714553855616334
78441,0.7486608152828136
34119,0.7415231372693463
45545,0.7585488946771852
75653,0.7767159824501968
105022,0.8781627789913452
70019,0.8057914054318219
85760,0.6425736497053932
46440,0.8355120150841103
62491,0.31119328044951144
78165,0.7888609969811653
44865,0.7268444505190178
32477,0.5930206336473218
66037,0.7429333835686536
8933,0.5897029781306743
20413,0.8085304919544771
59053,0.7083862102406789
80453,0.724717893472716
73023,0.7565026733517041
76948,0.5877865742941433
79114,0.7636238676687844
6511,0.6262314038179752
22113,0.7914834723167741
65212,0.8001216647919522
52385,0.7466638825615834
84622,0.7843331204803593
76885,0.7860847799580571
2346,0.28851531388684276
96048,0.7953052423075492
105509,0.7930871060533898
22744,0.7868640749123549
96713,0.8112924994307873
5977,0.8247433099474439
14216,0.46983407431905233
23871,0.7680358136011511
20971,0.5879248887212325
70406,0.7901908514569077
37062,0.7667424791711924
45720,0.8168174640821383
36993,0.6750611779545872
60299,0.7929265634350116
105612,0.5503149998360046
56938,0.7762014808015499
62552,0.6844299714855442
89960,0.45569964156782516
28761,0.6609479795949006
72155,0.31948414681777654
5840,0.7992753351709019
59392,0.6854225065788304
44682,0.8036864010003472
23326,0.8103075188383088
49234,0.8083586525381398
31127,0.7519567819046771
40377,0.5646915010147676
68034,0.8012455201631984
5458,0.6783542539358214
99973,0.7373594648700484
19165,0.7893880680590458
41857,0.814137392568655
48813,0.7697978340484158
70203,0.6341819017971809
24496,0.6559953850104122
40711,0.8107616375694913
84113,0.7541801026915392
79538,0.28042341085849143
31122,0.5232413687834127
52174,0.7942790513200912
56388,0.660259134478916
81550,0.7373274223913754
25682,0.740882883095134
101809,0.8066703699647613
101248,0.7811057668044061
76771,0.524912559029962
28802,0.7734056779553853
65658,0.7792730017910188
52474,0.82023346728315
86160,0.6710425875356756
45874,0.7859101734469673
106522,0.7947458859468408
67547,0.807032620767564
60619,0.7512421164594242
62621,0.57088174429181
17982,0.7836873355698015
65987,0.5594897841124029
59280,0.6726894527686281
45473,0.6844126094616391
69620,0.7998354478977991
12599,0.7465002932091181
105491,0.692893462730757
34394,0.7914973040577507
96466,0.7649379104027791
99079,0.794917292328999
1406,0.8529949300344816
38053,0.834365787446488
66957,0.7326188460533379
90555,0.8390080710776736
15335,0.7421752585232487
588,0.7350299948506459
5956,0.82286014350702
50798,0.7431330195733679
62318,0.8026228673162346
13452,0.2778231432615258
73019,0.4531182085852738
57538,0.8217499397964846
72347,0.7846321194160581
10812,0.7936132995338868
57417,0.7516660316347203
52221,0.7996154734671395
104461,0.7792222954207122
57479,0.754937611885049
83268,0.7990203263702448
71935,0.5754119599219656
21294,0.8232043334161644
63595,0.5691342156804673
80761,0.8883196266062975
94684,0.7752160740235103
99244,0.7911168980873747
34208,0.48311633166867857
105649,0.686922458183325
31941,0.8130870679915835
88250,0.3258680993772369
101079,0.6783068583375799
37863,0.7946461122585499
53277,0.4114242626339278
20997,0.4385230913463442
15875,0.5535458634132563
32719,0.8104088222007634
10485,0.5220847852893853
36855,0.4247678961015683
11755,0.7050865712326072
73214,0.7956617017359257
87506,0.7656096980120317
101739,0.8160630264783616
50208,0.79923927406687
64415,0.7784307004723848
58342,0.5343285390876685
8023,0.8062092169836372
40268,0.7052467563557779
80228,0.7325629012490845
90160,0.8041542807715085
2047,0.7256889305625803
101432,0.8106608566372103
98505,0.7561882684604346
30555,0.7377008149861141
73792,0.4334074209980559
64632,0.7826179414214435
33499,0.7096407391837
1119,0.7513843441594408
1058,0.8016624365477952
8283,0.7441006478889054
17200,0.8041248833596809
78328,0.7401611910297352
17321,0.6464978670708058
8073,0.6295407873755894
46654,0.8069213501001539
25672,0.7719416758530714
1915,0.7031536325680745
44594,0.4330542537976571
35100,0.6678336491948946
65672,0.7875284583797049
67775,0.7858439205091493
88131,0.77575778734948
98134,0.7422991561074512
59219,0.4363598740684144
20236,0.8121897952868149
33606,0.7928447982304737
5476,0.71959957791555
49834,0.8370108645182393
36743,0.672199180119768
76508,0.7312397786765409
74082,0.7707002718274671
53128,0.792377884349721
26944,0.7705535911319216
95272,0.7509561748337846
95663,0.45778512061097143
9514,0.7894166159759047
42561,0.5096772103419823
13562,0.6285750770637398
12109,0.80161338443614
39454,0.794887693266865
104706,0.7205767598892677
22537,0.6522849659707842
4834,0.8036339277486811
63389,0.7053940972172849
74923,0.48868286923460785
72902,0.5601900645299961
23245,0.8168635958772982
3773,0.602822123356241
106907,0.7704088409389032
11813,0.8024880753602993
103912,0.6809400683296409
74295,0.7613829791952994
97152,0.5305470721010026
66967,0.7918785061544723
23994,0.7223248339045027
72500,0.7786637572368584
71422,0.7935176240201187
15866,0.801506338340871
28325,0.6654900668497786
30274,0.6143688691602851
75238,0.836412735977159
1811,0.8614958632569014
3289,0.7804125607297995
63513,0.702678776669237
91050,0.8297384319743382
102644,0.7070763500727832
4881,0.48299114329526416
21117,0.7912630915057319
21420,0.41722928714183327
93509,0.41492048338491677
5744,0.7775125664238162
39540,0.8097540679483194
74210,0.6919423010677348
50049,0.7916724056222953
87468,0.793830070148879
67275,0.7636561771681131
104410,0.7443055515862129
9216,0.4832868612856735
91600,0.48145175898935577
73326,0.6022192702539437
18060,0.7819942075879421
89128,0.7902769940247943
9150,0.7913631327828075
51730,0.7576578706108386
6820,0.8135502199347857
49732,0.854712311445677
83047,0.7323267254561018
3568,0.5746389953456575
81542,0.745475392939856
94590,0.8547136522302456
36340,0.8057658894776946
107051,0.7323565090536542
11316,0.8196099486995442
70442,0.8393043986705583
66737,0.6394848365718929
40642,0.8055457213244591
56152,0.7955859821435659
41682,0.7374481566330026
84689,0.7893192508707404
7463,0.6831714610941092
60975,0.763875797680448
81390,0.48905618001876255
53082,0.7874048692895789
80283,0.6292303071198284
3319,0.811037075105866
24253,0.8232452693870564
31457,0.7910370174734348
80082,0.7517693578339889
77132,0.7492350914936702
8641,0.6474685223779456
66561,0.6859872177689257
96769,0.7268140897023461
95247,0.7895497857103411
20139,0.6040060497654028
13195,0.8115823940939495
16834,0.7655750080519648
57606,0.7870519534862865
1841,0.8234212891191693
1977,0.8136648201136426
80231,0.6228769789889211
5467,0.7947528808582839
7663,0.8181143670727206
107173,0.802418047595503
550,0.7721139030396811
6315,0.8068544277287693
45508,0.8187081711574703
49549,0.7430962752586399
15121,0.7824006817693945
24177,0.2920658932257652
98884,0.7291433097449646
59840,0.7837148582977816
30810,0.8153518144410745
13522,0.7904119962594959
35897,0.7708823912771735
6943,0.7629839782334251
4178,0.3480005529668195
26928,0.6860961258361546
75220,0.5574169947998177
32592,0.7561111506225786
66134,0.7567744208410463
47676,0.7534870011526785
72775,0.8145836946918028
30443,0.3707805827778686
101569,0.704742221395134
30235,0.6867810985845038
30793,0.7134002536637006
59250,0.6793805404399766
94383,0.7825014016766256
20596,0.810287614534532
34051,0.8028615719936711
23981,0.6560682964207489
74201,0.8182874331018791
51578,0.6572257798311987
20305,0.8169215255824357
60703,0.7853970006521789
64082,0.46456578178156654
60147,0.7380796661648082
65815,0.7339918912621575
24922,0.7105207392738734
56182,0.6790959668691002
81076,0.6178191669035419
44501,0.7861050457605759
78868,0.7694461848888505
83613,0.7992717750611981
8586,0.8753106984173011
100730,0.7147193856977655
73251,0.7319400045537449
82495,0.8038544652568181
90026,0.6529247610967205
54625,0.8093963281612254
62333,0.7582977111870992
78707,0.5505653765828332
960,0.8680716570904485
70001,0.8010722988927756
101246,0.6286719771552732
32801,0.7760622522548121
56595,0.197992084662388
16065,0.43691029567653117
67082,0.3952003512110107
9168,0.781448839487765
62656,0.7870734602957087
30789,0.6236876309741877
76112,0.8533741539058355
38813,0.701866379391515
88451,0.6282202918317937
6867,0.6927060574083277
48437,0.7671886377352298
61178,0.5275006459399996
14753,0.691006169826978
49058,0.7908013581097626
17279,0.7928962564485678
91458,0.5243449026588484
34487,0.8110152890965217
8037,0.7871793027385596
20133,0.8370968701670237
22726,0.8212702070778433
2575,0.7608885796569874
104989,0.7420857350193588
47648,0.7623170060860384
56757,0.7615710662725941
57160,0.6449039969160558
28203,0.7854797014942534
91906,0.5757420928979794
4741,0.8266377421029539
8066,0.7443906754987049
3488,0.7837563104139196
35405,0.6977964482862076
40583,0.6077550652204765
29373,0.8000610640447093
71316,0.7565280391777287
6297,0.7808691257137278
106650,0.7000195509115128
48873,0.7530015780534274
56782,0.5540166560530962
48493,0.8226189559635831
6687,0.6187475897692873
96262,0.7816088271150732
65583,0.649480680957836
23039,0.771046786236638
46288,0.820122592637199
101519,0.7509382037755331
50678,0.733648957202288
19338,0.6671821460654035
34333,0.7875531662626287
95157,0.7336681985971053
102009,0.8444068867203953
78600,0.5493375451603407
50120,0.7637252730237198
75303,0.5036898027724891
95981,0.7509171557303225
39346,0.5292477745884879
43176,0.7966769680011315
72905,0.7730426042886632
48686,0.703051569319694
103602,0.7567161171649586
101486,0.7452057907058234
92893,0.7793074485918504
61085,0.7428859016147957
43804,0.7337019091026823
72017,0.7784452087840493
45027,0.7834510205852004
6377,0.8064697198496847
82,0.761090731337155
94158,0.32017710064308313
74754,0.6362557819175507
51691,0.7350549516237515
84566,0.702438271732859
46750,0.46603802686833196
78298,0.7011902149160267
19777,0.7971845536150652
93311,0.7694211497139355
54630,0.8265255388872089
88750,0.7386274425640473
86677,0.5488522993173546
96078,0.7647638811108087
10884,0.7623601475339199
73376,0.7123753670295356
62042,0.760121919040668
56531,0.7653620437396322
96054,0.7540580890232813
47090,0.8108981833353792
12313,0.7046957211682823
95437,0.4282291746431902
47954,0.8119999393752171
79644,0.5776197912382862
85620,0.8024328101094111
92921,0.7129316971798191
92507,0.8005762083538411
40689,0.7864433569543291
26726,0.45622577452260454
10648,0.3750619669722236
52156,0.823341093158096
35583,0.7252287005781215
55810,0.7277855267550648
14241,0.7824274758718622
23864,0.6721864085786231
6324,0.1410595539599676
85321,0.7186670554305473
103017,0.7147982329204634
49734,0.7795659598104812
30677,0.5909947127092156
50259,0.40077721509063424
24519,0.38054189440005437
81153,0.701860634470516
7638,0.594599250673217
31760,0.42761275916410424
21407,0.7797938613719143
73056,0.7850578236297467
5397,0.6435409416885304
52648,0.8069165576120066
79404,0.2952434163023493
87318,0.1769512751433888
50063,0.8358330011823469
62869,0.49843178200830857
9282,0.7038141212266915
33207,0.6568248716100931
36832,0.6150536782874665
39168,0.6826449281764755
39004,0.31152452241343953
42231,0.7695360265450109
71552,0.7825194573861063
32425,0.2972943167387232
39202,0.7947745630242895
64874,0.7993431422612566
38211,0.7533275818674732
92532,0.8862055956693888
56621,0.48054086176868316
52133,0.29884740886245825
45156,0.7009613179924901
72892,0.7909618187045087
35120,0.7889524726475025
76104,0.38662707470730867
13086,0.41881201287705044
44734,0.7845534880824009
77203,0.435412798389552
32919,0.8124849166351926
60903,0.4907150804976053
84000,0.8027615490742656
99303,0.8025835741260117
62158,0.536402237406741
54089,0.7311238485341984
40710,0.7753483128784909
78004,0.7597097754993809
32074,0.742848982316319
14113,0.7013081948679977
95540,0.8229614137892727
41386,0.7912437646074918
18064,0.7765985251769559
35811,0.8044509206933409
54232,0.8265026194248929
86245,0.8107808106845171
67616,0.5889998070724517
80266,0.7829210834382722
44141,0.7926746787671481
50584,0.7800835134484088
98738,0.6936966472277314
11070,0.6185772601337196
105305,0.7781376379171764
58809,0.631743091932468
72617,0.7829403367637997
37669,0.6682898068302909
73809,0.7923707286932636
49712,0.7441626194061689
85108,0.7758712756731463
32882,0.7299288277008606
37595,0.7063175296374158
79819,0.6469656236289785
65774,0.7676313466196483
32984,0.8079997741804741
92089,0.8288955471871654
83770,0.7688743925382201
57442,0.7384321061600173
38253,0.6818108238238397
54243,0.8040154742026259
15299,0.5778935112717056
32589,0.7690588208644039
16945,0.6187309913108314
51776,0.7842122663635016
59374,0.5304107393080555
65995,0.7550186066355729
26736,0.696710421875715
84059,0.6241944293609848
17995,0.7757853484261713
63821,0.8540881546400946
63259,0.8134234632411165
6057,0.7760995033406567
85363,0.7414821319867096
86145,0.5477197135945887
17098,0.7903983897106732
73,0.6327798501913555
33560,0.7655852559638496
34813,0.8202700729033726
2011,0.653165575095304
49904,0.7636499163859326
29527,0.7209266910265723
19572,0.791439750303138
70976,0.6589451837818281
103291,0.8142930993790457
367,0.7768387233236445
77990,0.7424325596269935
99323,0.4938096294620396
70762,0.7916601733421474
102691,0.7997547160046101
30827,0.676707806845853
37704,0.7438095203812565
93738,0.7910437012276963
36077,0.933854706730128
21236,0.7869515375280995
54913,0.7981280167965111
99433,0.6977645421585076
64038,0.8005153499789357
58228,0.7792363449681651
81187,0.7069532524142895
90101,0.8014175520554455
57523,0.7368426083264707
15695,0.5293411113745915
19808,0.7341504628988134
41702,0.6862019069210676
52520,0.7374356668838687
15014,0.7716839043384696
33184,0.6297129895645207
32005,0.6853738020112473
101164,0.7883304500897292
21810,0.5866618423874266
14671,0.7904104369937978
25123,0.690471928534333
10673,0.7603434416490773
34660,0.6778486645276522
59131,0.7744018587328141
40513,0.7513874552341431
91323,0.6526940370701446
6942,0.785777223010346
6232,0.7532791346623519
47970,0.6931565155730495
55360,0.722531819226666
42541,0.7775556715114381
1644,0.736058531145857
